"state","district","total_registrations"
"karnataka","bengaluru urban district","303663088"
"maharashtra","pune district","199346186"
"maharashtra","thane district","122501643"
"rajasthan","jaipur district","119739290"
"maharashtra","mumbai suburban district","119012886"
"telangana","hyderabad district","101824322"
"telangana","rangareddy district","90261099"
"gujarat","ahmadabad district","81767310"
"gujarat","surat district","77469508"
"west-bengal","north twenty four parganas district","77396295"
"telangana","medchal malkajgiri district","76477237"
"haryana","gurugram district","70791407"
"andhra-pradesh","visakhapatnam district","69880470"
"maharashtra","nashik district","62791515"
"tamil-nadu","chennai district","60490490"
"uttar-pradesh","gautam buddha nagar district","59896693"
"bihar","patna district","59427969"
"uttar-pradesh","lucknow district","56803438"
"west-bengal","kolkata district","56032093"
"uttar-pradesh","ghaziabad district","55331424"
"madhya-pradesh","indore district","55152189"
"maharashtra","nagpur district","54144525"
"andhra-pradesh","east godavari district","53118299"
"andhra-pradesh","guntur district","52953699"
"andhra-pradesh","krishna district","52013368"
"andhra-pradesh","chittoor district","49392488"
"delhi","west district","48243661"
"odisha","khordha district","44276414"
"maharashtra","mumbai district","44190076"
"madhya-pradesh","bhopal district","41701843"
"maharashtra","ahmednagar district","40829447"
"tamil-nadu","thiruvallur district","40468327"
"tamil-nadu","coimbatore district","39627880"
"maharashtra","aurangabad district","39418319"
"haryana","faridabad district","39401456"
"andhra-pradesh","kurnool district","38568071"
"tamil-nadu","chengalpattu district","38351134"
"andhra-pradesh","anantapur district","37923829"
"maharashtra","palghar district","37689267"
"west-bengal","south twenty four parganas district","37217141"
"maharashtra","solapur district","36650383"
"west-bengal","murshidabad district","36507576"
"maharashtra","raigad district","36229023"
"uttar-pradesh","prayagraj district","36168670"
"andhra-pradesh","west godavari district","35626387"
"punjab","ludhiana district","34966346"
"rajasthan","alwar district","34761857"
"delhi","south east delhi district","34594607"
"uttar-pradesh","kanpur nagar district","34310962"
"karnataka","belagavi district","34297782"
"delhi","north west district","34039892"
"kerala","ernakulam district","33710328"
"uttar-pradesh","varanasi district","33686695"
"karnataka","mysuru district","33079121"
"gujarat","vadodara district","32391669"
"delhi","central district","32332539"
"west-bengal","hooghly district","32195887"
"delhi","new delhi district","31889595"
"maharashtra","kolhapur district","31792969"
"andhra-pradesh","prakasam district","31642406"
"uttar-pradesh","agra district","30609405"
"rajasthan","jodhpur district","30332539"
"andhra-pradesh","ysr district","30313329"
"andhra-pradesh","spsr nellore district","29774239"
"west-bengal","howrah district","29557607"
"west-bengal","nadia district","27923114"
"delhi","north district","27866902"
"maharashtra","jalgaon district","27470350"
"west-bengal","purba medinipur district","27426858"
"jharkhand","ranchi district","27049234"
"delhi","south west district","26289099"
"uttarakhand","dehradun district","25777066"
"tamil-nadu","kancheepuram district","25679597"
"maharashtra","satara district","25211544"
"chhattisgarh","raipur district","25009618"
"west-bengal","paschim medinipur district","24820614"
"uttar-pradesh","gorakhpur district","24765273"
"odisha","cuttack district","24364435"
"delhi","east district","24226025"
"tamil-nadu","tiruppur district","23863842"
"telangana","sangareddy district","23746566"
"andhra-pradesh","srikakulam district","23428433"
"rajasthan","sikar district","23374615"
"bihar","muzaffarpur district","23309202"
"uttar-pradesh","meerut district","23189043"
"delhi","south district","23188793"
"west-bengal","paschim bardhaman district","23052674"
"west-bengal","purba bardhaman district","22987752"
"kerala","thiruvananthapuram district","22551816"
"odisha","ganjam district","22467289"
"karnataka","tumakuru district","22333538"
"madhya-pradesh","gwalior district","22092752"
"karnataka","dakshina kannada district","22066932"
"bihar","purbi champaran district","21922089"
"karnataka","dharwad district","21619100"
"maharashtra","sangli district","21525349"
"gujarat","rajkot district","21424909"
"rajasthan","ajmer district","21400031"
"rajasthan","kota district","21282004"
"tamil-nadu","salem district","21272861"
"uttar-pradesh","bareilly district","21139881"
"karnataka","ballari district","20692586"
"jharkhand","dhanbad district","20554096"
"andhra-pradesh","vizianagaram district","20540466"
"maharashtra","amravati district","20440379"
"kerala","kozhikode district","20246345"
"madhya-pradesh","jabalpur district","20198174"
"kerala","malappuram district","20100557"
"rajasthan","bhilwara district","19818567"
"delhi","shahdara district","19748436"
"karnataka","bengaluru rural district","19715861"
"rajasthan","nagaur district","19698186"
"maharashtra","nanded district","19651956"
"punjab","sas nagar district","19627740"
"gujarat","gandhinagar district","19216419"
"rajasthan","udaipur district","19130262"
"tamil-nadu","madurai district","19048714"
"uttar-pradesh","aligarh district","18734484"
"west-bengal","bankura district","18654241"
"assam","kamrup metropolitan district","18645953"
"bihar","gaya district","18644550"
"karnataka","kalaburagi district","18478130"
"uttarakhand","haridwar district","18273776"
"tamil-nadu","krishnagiri district","18178191"
"maharashtra","latur district","18092209"
"uttar-pradesh","jaunpur district","17709657"
"west-bengal","birbhum district","17646512"
"delhi","north east district","17605418"
"kerala","thrissur district","17448649"
"jharkhand","east singhbhum district","17301421"
"rajasthan","bikaner district","17292087"
"rajasthan","jhunjhunu district","17275377"
"uttar-pradesh","mathura district","17259788"
"gujarat","bharuch district","17108716"
"west-bengal","maldah district","16914429"
"maharashtra","beed district","16843786"
"telangana","warangal urban district","16811753"
"karnataka","vijayapura district","16705060"
"bihar","pashchim champaran district","16613630"
"maharashtra","buldhana district","16549880"
"gujarat","banas kantha district","16379466"
"haryana","hisar district","16356639"
"bihar","samastipur district","16279654"
"gujarat","kachchh district","16275144"
"madhya-pradesh","ujjain district","16234189"
"karnataka","kolar district","16182907"
"uttar-pradesh","saharanpur district","16173958"
"uttar-pradesh","azamgarh district","16087165"
"bihar","saran district","16078850"
"bihar","darbhanga district","16025029"
"tamil-nadu","tiruchirappalli district","15991883"
"bihar","madhubani district","15943835"
"telangana","nalgonda district","15683818"
"uttarakhand","udham singh nagar district","15605155"
"gujarat","mahesana district","15602037"
"rajasthan","bharatpur district","15598691"
"odisha","baleshwar district","15360291"
"chhattisgarh","durg district","15291222"
"karnataka","davanagere district","15280127"
"gujarat","valsad district","15277714"
"haryana","sonipat district","15046466"
"telangana","khammam district","15030909"
"jharkhand","bokaro district","14964220"
"karnataka","shivamogga district","14888899"
"karnataka","hassan district","14847259"
"bihar","vaishali district","14801407"
"uttar-pradesh","bulandshahr district","14784053"
"bihar","bhagalpur district","14781525"
"telangana","nizamabad district","14650799"
"kerala","kannur district","14515709"
"odisha","sundargarh district","14186039"
"uttar-pradesh","ghazipur district","14156138"
"rajasthan","barmer district","14138947"
"kerala","palakkad district","14112651"
"kerala","kollam district","14091027"
"haryana","rewari district","14086541"
"uttar-pradesh","kushinagar district","14066456"
"bihar","siwan district","14006220"
"telangana","karimnagar district","13974893"
"gujarat","bhavnagar district","13973735"
"punjab","amritsar district","13935843"
"karnataka","mandya district","13869909"
"madhya-pradesh","sagar district","13741624"
"karnataka","bagalkote district","13731582"
"tamil-nadu","erode district","13722275"
"maharashtra","chandrapur district","13545861"
"rajasthan","dausa district","13532917"
"bihar","nalanda district","13512216"
"uttar-pradesh","deoria district","13484569"
"odisha","jajapur district","13387340"
"odisha","puri district","13326901"
"haryana","panipat district","13301486"
"rajasthan","churu district","13291893"
"madhya-pradesh","dhar district","13236461"
"uttar-pradesh","ballia district","13163479"
"karnataka","raichur district","13143731"
"punjab","jalandhar district","13122666"
"maharashtra","yavatmal district","13114293"
"uttar-pradesh","moradabad district","13009186"
"bihar","rohtas district","12962067"
"maharashtra","jalna district","12910733"
"chhattisgarh","bilaspur district","12903680"
"chandigarh","chandigarh district","12855589"
"uttar-pradesh","jhansi district","12832688"
"west-bengal","purulia district","12815515"
"punjab","patiala district","12795543"
"karnataka","bidar district","12604808"
"rajasthan","pali district","12536291"
"madhya-pradesh","rewa district","12456848"
"haryana","karnal district","12425810"
"uttar-pradesh","muzaffarnagar district","12365143"
"maharashtra","dhule district","12284622"
"madhya-pradesh","chhindwara district","12277464"
"uttar-pradesh","bijnor district","12200032"
"tamil-nadu","cuddalore district","12159405"
"kerala","alappuzha district","12074497"
"bihar","begusarai district","11983461"
"gujarat","anand district","11979511"
"west-bengal","uttar dinajpur district","11849518"
"karnataka","ramanagara district","11830181"
"rajasthan","ganganagar district","11571144"
"kerala","kottayam district","11511122"
"karnataka","udupi district","11341274"
"uttar-pradesh","firozabad district","11330729"
"odisha","bhadrak district","11284320"
"gujarat","ahmedabad district","11283238"
"maharashtra","akola district","11282343"
"madhya-pradesh","dewas district","11260978"
"tamil-nadu","tiruvannamalai district","11245302"
"madhya-pradesh","satna district","11211928"
"uttar-pradesh","sitapur district","11193970"
"odisha","kendujhar district","11186606"
"bihar","sitamarhi district","11125910"
"karnataka","chitradurga district","11055994"
"rajasthan","chittorgarh district","11039951"
"bihar","gopalganj district","10986496"
"bihar","bhojpur district","10834934"
"bihar","katihar district","10785291"
"telangana","bhadradri kothagudem district","10779038"
"maharashtra","parbhani district","10685958"
"haryana","jhajjar district","10648724"
"telangana","siddipet district","10579210"
"goa","north goa district","10577435"
"tamil-nadu","vellore district","10511812"
"karnataka","uttara kannada district","10405123"
"uttar-pradesh","kheri district","10404605"
"haryana","palwal district","10402430"
"uttar-pradesh","ayodhya district","10333128"
"tamil-nadu","thanjavur district","10300347"
"haryana","rohtak district","10282895"
"bihar","purnia district","10278644"
"tamil-nadu","dindigul district","10274338"
"madhya-pradesh","sehore district","10230848"
"odisha","mayurbhanj district","10185288"
"uttar-pradesh","pratapgarh district","10106140"
"jharkhand","hazaribagh district","10000490"
"west-bengal","darjiling district","9913457"
"rajasthan","tonk district","9913289"
"jammu-&-kashmir","jammu district","9907770"
"karnataka","chikkaballapura district","9907278"
"madhya-pradesh","ratlam district","9875131"
"rajasthan","hanumangarh district","9814608"
"maharashtra","osmanabad district","9783227"
"bihar","aurangabad district","9762597"
"himachal-pradesh","solan district","9709827"
"telangana","suryapet district","9701176"
"haryana","sirsa district","9686806"
"chhattisgarh","raigarh district","9487651"
"jharkhand","giridih district","9451946"
"tamil-nadu","namakkal district","9440093"
"gujarat","kheda district","9425972"
"tamil-nadu","dharmapuri district","9388535"
"haryana","ambala district","9388214"
"haryana","bhiwani district","9372096"
"west-bengal","koch bihar district","9348488"
"himachal-pradesh","kangra district","9328776"
"madhya-pradesh","morena district","9311761"
"rajasthan","sawai madhopur district","9239160"
"uttar-pradesh","maharajganj district","9170653"
"karnataka","haveri district","9054312"
"uttar-pradesh","gautambuddha nagar district","9026748"
"madhya-pradesh","mandsaur district","9013970"
"jharkhand","deoghar district","8976259"
"odisha","kendrapara district","8962917"
"bihar","araria district","8952884"
"madhya-pradesh","betul district","8942431"
"madhya-pradesh","khargone district","8932236"
"uttar-pradesh","hardoi district","8930476"
"karnataka","koppal district","8912238"
"punjab","bathinda district","8868748"
"uttar-pradesh","basti district","8866184"
"chhattisgarh","janjgir champa district","8856838"
"tamil-nadu","viluppuram district","8772108"
"karnataka","chikkamagaluru district","8769933"
"uttar-pradesh","shahjahanpur district","8764674"
"telangana","mancherial district","8743789"
"madhya-pradesh","rajgarh district","8742504"
"madhya-pradesh","vidisha district","8733998"
"odisha","anugul district","8727892"
"madhya-pradesh","balaghat district","8718822"
"uttar-pradesh","mirzapur district","8717260"
"puducherry","puducherry district","8697005"
"maharashtra","wardha district","8662136"
"madhya-pradesh","raisen district","8632066"
"tamil-nadu","kanniyakumari district","8625963"
"uttar-pradesh","gonda district","8576781"
"rajasthan","jalore district","8541292"
"haryana","jind district","8512317"
"gujarat","jamnagar district","8440217"
"telangana","jagtial district","8395576"
"uttar-pradesh","ambedkar nagar district","8345829"
"uttar-pradesh","sultanpur district","8333053"
"uttarakhand","nainital district","8323157"
"telangana","peddapalle district","8281883"
"uttar-pradesh","chandauli district","8276993"
"maharashtra","ratnagiri district","8271123"
"madhya-pradesh","chhatarpur district","8242308"
"west-bengal","dakshin dinajpur district","8222677"
"haryana","mahendragarh district","8212705"
"odisha","jagatsinghapur district","8194385"
"odisha","sambalpur district","8154507"
"uttar-pradesh","mau district","8137803"
"madhya-pradesh","guna district","8116424"
"uttar-pradesh","unnao district","8109163"
"jharkhand","palamu district","8097218"
"telangana","yadadri bhuvanagiri district","8092948"
"haryana","yamunanagar district","8073826"
"tamil-nadu","virudhunagar district","8024844"
"odisha","dhenkanal district","7963458"
"haryana","kurukshetra district","7961463"
"tamil-nadu","tirunelveli district","7909687"
"uttar-pradesh","hapur district","7905179"
"bihar","nawada district","7894915"
"rajasthan","jhalawar district","7818523"
"west-bengal","jalpaiguri district","7805433"
"gujarat","patan district","7796192"
"telangana","mahbubnagar district","7741853"
"uttar-pradesh","budaun district","7711817"
"bihar","supaul district","7673352"
"odisha","balangir district","7667706"
"uttar-pradesh","sonbhadra district","7653077"
"madhya-pradesh","bhind district","7648543"
"chhattisgarh","korba district","7642093"
"madhya-pradesh","hoshangabad district","7604287"
"haryana","mewat district","7543919"
"rajasthan","karauli district","7541165"
"punjab","fazilka district","7538617"
"tamil-nadu","ranipet district","7518221"
"maharashtra","bhandara district","7452291"
"gujarat","surendranagar district","7422310"
"tamil-nadu","tirupathur district","7358835"
"bihar","saharsa district","7340388"
"telangana","kamareddy district","7315800"
"telangana","nagarkurnool district","7290424"
"madhya-pradesh","shivpuri district","7228630"
"punjab","sangrur district","7206625"
"madhya-pradesh","singrauli district","7124416"
"maharashtra","gondia district","7049251"
"gujarat","sabar kantha district","7025162"
"uttar-pradesh","rampur district","6965998"
"uttar-pradesh","mainpuri district","6913860"
"uttar-pradesh","siddharthnagar district","6903204"
"odisha","bargarh district","6891049"
"karnataka","gadag district","6878137"
"uttar-pradesh","etawah district","6865656"
"odisha","kalahandi district","6862080"
"goa","south goa district","6859851"
"haryana","panchkula district","6856823"
"bihar","madhepura district","6840482"
"uttar-pradesh","amroha district","6835761"
"uttar-pradesh","bara banki district","6822822"
"rajasthan","bundi district","6793046"
"jharkhand","ramgarh district","6793014"
"haryana","kaithal district","6775665"
"madhya-pradesh","narsinghpur district","6761927"
"telangana","vikarabad district","6728069"
"gujarat","morbi district","6727000"
"haryana","fatehabad district","6700218"
"rajasthan","rajsamand district","6669155"
"uttar-pradesh","bahraich district","6628273"
"gujarat","navsari district","6625371"
"assam","nagaon district","6563199"
"uttar-pradesh","amethi district","6542079"
"tamil-nadu","thoothukkudi district","6527477"
"rajasthan","baran district","6505085"
"madhya-pradesh","seoni district","6482596"
"uttar-pradesh","farrukhabad district","6476615"
"uttar-pradesh","jalaun district","6457090"
"uttar-pradesh","pilibhit district","6446378"
"bihar","buxar district","6367389"
"maharashtra","nandurbar district","6361541"
"uttar-pradesh","hathras district","6356610"
"punjab","hoshiarpur district","6351991"
"maharashtra","washim district","6349275"
"kerala","idukki district","6332555"
"uttar-pradesh","fatehpur district","6296538"
"madhya-pradesh","katni district","6256788"
"uttar-pradesh","rae bareli district","6192647"
"himachal-pradesh","shimla district","6189324"
"uttar-pradesh","bhadohi district","6160997"
"odisha","nayagarh district","6158179"
"kerala","pathanamthitta district","6141356"
"rajasthan","sirohi district","6124553"
"tamil-nadu","kallakkurichi district","6091785"
"bihar","munger district","6065263"
"bihar","jamui district","6059959"
"dadra-&-nagar-haveli-&-daman-&-diu","dadra and nagar haveli district","6052290"
"chhattisgarh","rajnandgaon district","6025802"
"madhya-pradesh","shajapur district","5994690"
"uttar-pradesh","etah district","5974526"
"gujarat","junagadh district","5967626"
"assam","barpeta district","5965082"
"telangana","mahabubabad district","5921125"
"telangana","medak district","5919124"
"uttar-pradesh","sambhal district","5902772"
"gujarat","amreli district","5895403"
"maharashtra","hingoli district","5881375"
"bihar","khagaria district","5815381"
"punjab","gurdaspur district","5721500"
"tamil-nadu","theni district","5720167"
"kerala","kasaragod district","5712652"
"madhya-pradesh","neemuch district","5710424"
"assam","cachar district","5702063"
"odisha","jharsuguda district","5650219"
"himachal-pradesh","mandi district","5649017"
"uttar-pradesh","kannauj district","5601305"
"uttar-pradesh","baghpat district","5569633"
"bihar","banka district","5553953"
"tamil-nadu","sivaganga district","5518168"
"odisha","koraput district","5513181"
"maharashtra","chhatrapati sambhaji nagar district","5507262"
"tripura","west tripura district","5494544"
"west-bengal","alipurduar district","5477419"
"tamil-nadu","pudukkottai district","5471007"
"rajasthan","jaisalmer district","5394638"
"telangana","warangal rural district","5387173"
"madhya-pradesh","east nimar district","5385486"
"gujarat","panch mahals district","5381991"
"uttar-pradesh","shamli district","5335901"
"madhya-pradesh","shahdol district","5289746"
"kerala","wayanad district","5279016"
"telangana","jangaon district","5274302"
"telangana","rajanna sircilla district","5226884"
"bihar","kishanganj district","5224522"
"uttar-pradesh","auraiya district","5222326"
"tamil-nadu","karur district","5189074"
"uttar-pradesh","kanpur dehat district","5154149"
"gujarat","gir somnath district","5131304"
"rajasthan","dholpur district","5128932"
"karnataka","yadgir district","5076365"
"assam","dibrugarh district","5057945"
"assam","kamrup district","5048474"
"assam","sonitpur district","5044060"
"telangana","nirmal district","4992417"
"madhya-pradesh","damoh district","4899036"
"tamil-nadu","ramanathapuram district","4879706"
"jharkhand","saraikela kharsawan district","4868184"
"tamil-nadu","nagapattinam district","4811838"
"odisha","rayagada district","4805226"
"chhattisgarh","baloda bazar district","4782485"
"chhattisgarh","surguja district","4763776"
"tamil-nadu","tenkasi district","4752817"
"rajasthan","banswara district","4732833"
"maharashtra","sindhudurg district","4680217"
"karnataka","chamarajanagara district","4603978"
"jharkhand","garhwa district","4589522"
"delhi","south east district","4583128"
"telangana","jogulamba gadwal district","4571518"
"bihar","kaimur bhabua district","4568461"
"karnataka","kodagu district","4552446"
"uttar-pradesh","sant kabeer nagar district","4495135"
"punjab","pathankot district","4491819"
"maharashtra","gadchiroli district","4491447"
"chhattisgarh","mahasamund district","4470939"
"uttar-pradesh","kasganj district","4469035"
"madhya-pradesh","barwani district","4458311"
"madhya-pradesh","sidhi district","4448891"
"uttar-pradesh","lalitpur district","4414293"
"uttar-pradesh","banda district","4379007"
"assam","tinsukia district","4358608"
"bihar","jehanabad district","4341097"
"telangana","adilabad district","4320382"
"telangana","wanaparthy district","4258996"
"uttar-pradesh","balrampur district","4235065"
"rajasthan","dungarpur district","4077822"
"uttarakhand","pauri garhwal district","4059892"
"gujarat","botad district","4017701"
"madhya-pradesh","mandla district","4017263"
"madhya-pradesh","tikamgarh district","4006746"
"jharkhand","koderma district","3983017"
"gujarat","aravallis district","3969687"
"andhra-pradesh","ntr district","3964617"
"tamil-nadu","the nilgiris district","3955863"
"punjab","sri muktsar sahib district","3890262"
"jharkhand","godda district","3842171"
"gujarat","dohad district","3840545"
"punjab","kapurthala district","3839985"
"punjab","rupnagar district","3826899"
"jammu-&-kashmir","srinagar district","3816332"
"andhra-pradesh","tirupati district","3798145"
"bihar","lakhisarai district","3792387"
"jharkhand","west singhbhum district","3777373"
"west-bengal","jhargram district","3726340"
"assam","jorhat district","3721149"
"assam","dhubri district","3716862"
"dadra-&-nagar-haveli-&-daman-&-diu","daman district","3670974"
"uttar-pradesh","hamirpur district","3654608"
"madhya-pradesh","burhanpur district","3642314"
"himachal-pradesh","sirmaur district","3621509"
"punjab","firozepur district","3609664"
"madhya-pradesh","anuppur district","3595833"
"madhya-pradesh","ashoknagar district","3593713"
"jharkhand","dumka district","3504959"
"uttar-pradesh","kaushambi district","3500780"
"madhya-pradesh","datia district","3479746"
"punjab","fatehgarh sahib district","3460514"
"chhattisgarh","bastar district","3443946"
"jharkhand","chatra district","3442789"
"punjab","moga district","3407600"
"punjab","tarn taran district","3399171"
"tamil-nadu","thiruvarur district","3361958"
"tamil-nadu","tiruvallur district","3350094"
"himachal-pradesh","hamirpur district","3331776"
"punjab","mansa district","3325727"
"chhattisgarh","dhamtari district","3312170"
"chhattisgarh","balod district","3299624"
"himachal-pradesh","kullu district","3294018"
"assam","golaghat district","3284789"
"madhya-pradesh","panna district","3268446"
"telangana","narayanpet district","3265591"
"telangana","jaya shankar bhalupally district","3242827"
"assam","goalpara district","3211571"
"madhya-pradesh","jhabua district","3207954"
"madhya-pradesh","harda district","3178879"
"jammu-&-kashmir","baramulla district","3159336"
"gujarat","tapi district","3141413"
"uttarakhand","tehri garhwal district","3131626"
"chhattisgarh","jashpur district","3123976"
"himachal-pradesh","una district","3099786"
"chhattisgarh","surajpur district","3095702"
"rajasthan","pratapgarh district","3087299"
"tamil-nadu","ariyalur district","3086580"
"jharkhand","jamtara district","3081955"
"chhattisgarh","kabirdham district","3076243"
"assam","karimganj district","3011066"
"assam","lakhimpur district","3008010"
"madhya-pradesh","agar malwa district","3007969"
"telangana","kumuram bheem asifabad district","2992237"
"odisha","nabarangpur district","2948651"
"andhra-pradesh","sri potti sriramulu nellore district","2932118"
"uttar-pradesh","mahoba district","2907230"
"rajasthan","jaipur rural district","2902009"
"gujarat","devbhumi dwarka district","2882663"
"manipur","imphal west district","2873167"
"punjab","faridkot district","2860470"
"haryana","charkhi dadri district","2860459"
"chhattisgarh","bemetara district","2847975"
"west-bengal","malda district","2837887"
"chhattisgarh","korea district","2793808"
"gujarat","mahisagar district","2790163"
"gujarat","banaskantha district","2785805"
"nagaland","dimapur district","2785205"
"assam","bongaigaon district","2742485"
"andhra-pradesh","ananthapuramu district","2678865"
"odisha","kandhamal district","2674696"
"chhattisgarh","kanker district","2673765"
"uttarakhand","almora district","2646203"
"odisha","sonepur district","2638210"
"andhra-pradesh","kakinada district","2627487"
"tamil-nadu","perambalur district","2602302"
"uttar-pradesh","chitrakoot district","2549291"
"assam","darrang district","2535203"
"madhya-pradesh","umaria district","2491763"
"assam","sivasagar district","2452405"
"sikkim","east district","2451337"
"punjab","barnala district","2442186"
"bihar","arwal district","2433969"
"meghalaya","east khasi hills district","2430022"
"madhya-pradesh","sheopur district","2426604"
"jharkhand","sahebganj district","2421233"
"himachal-pradesh","bilaspur district","2405499"
"assam","baksa district","2388862"
"odisha","gajapati district","2384816"
"himachal-pradesh","chamba district","2379141"
"assam","marigaon district","2375828"
"assam","hojai district","2372471"
"arunachal-pradesh","papum pare district","2330974"
"odisha","nuapada district","2326616"
"bihar","sheikhpura district","2312080"
"jammu-&-kashmir","budgam district","2287815"
"assam","dhemaji district","2266457"
"assam","nalbari district","2265364"
"chhattisgarh","mungeli district","2248494"
"jharkhand","latehar district","2245346"
"jammu-&-kashmir","anantnag district","2224894"
"uttarakhand","pithoragarh district","2220976"
"telangana","mulugu district","2175370"
"assam","kokrajhar district","2167460"
"andhra-pradesh","eluru district","2165916"
"madhya-pradesh","dindori district","2160157"
"uttar-pradesh","lakhimpur kheri district","2107583"
"jammu-&-kashmir","kathua district","2088946"
"gujarat","porbandar district","2081085"
"jammu-&-kashmir","kupwara district","2080388"
"bihar","purnea district","2066496"
"chhattisgarh","balrampur district","2005326"
"odisha","baleswar district","1971171"
"assam","udalguri district","1964416"
"andhra-pradesh","palnadu district","1952722"
"jammu-&-kashmir","udhampur district","1947356"
"odisha","malkangiri district","1936100"
"jharkhand","gumla district","1934983"
"uttarakhand","chamoli district","1928430"
"gujarat","chhotaudepur district","1923785"
"assam","karbi anglong district","1919282"
"assam","hailakandi district","1918623"
"bihar","sheohar district","1914747"
"assam","biswanath district","1888682"
"odisha","boudh district","1872972"
"andhra-pradesh","annamayya district","1865962"
"manipur","imphal east district","1853619"
"chhattisgarh","kondagaon district","1851187"
"west-bengal","cooch behar district","1831342"
"andhra-pradesh","nandyal district","1825049"
"odisha","jajpur district","1813174"
"jharkhand","pakur district","1803480"
"andhra-pradesh","sri sathyasai district","1788639"
"jammu-&-kashmir","samba district","1780538"
"ladakh","leh ladakh district","1746093"
"andhra-pradesh","anakapalli district","1744493"
"west-bengal","darjeeling district","1734962"
"gujarat","narmada district","1708082"
"uttar-pradesh","shravasti district","1700045"
"chhattisgarh","gariyaband district","1673328"
"punjab","shahid bhagat singh nagar district","1643009"
"jammu-&-kashmir","rajouri district","1635813"
"jharkhand","hazaribag district","1627658"
"jammu-&-kashmir","pulwama district","1611347"
"andhra-pradesh","dr br ambedkar konaseema district","1597756"
"madhya-pradesh","niwari district","1587738"
"uttarakhand","uttarkashi district","1551808"
"rajasthan","jodhpur rural district","1540792"
"andaman-&-nicobar-islands","south andaman district","1537895"
"rajasthan","khairthal tijara district","1530896"
"madhya-pradesh","alirajpur district","1517484"
"uttar-pradesh","barabanki district","1511475"
"tripura","south tripura district","1475172"
"jharkhand","lohardaga district","1473925"
"tripura","sepahijala district","1459513"
"rajasthan","kotputli behror district","1452418"
"telangana","hanumakonda district","1447790"
"maharashtra","dharashiv district","1443596"
"rajasthan","deedwana kuchaman district","1431604"
"andhra-pradesh","bapatla district","1424355"
"rajasthan","sri ganganagar district","1419173"
"tripura","north tripura district","1400859"
"mizoram","aizawl district","1393546"
"karnataka","chikkaballapur district","1379216"
"chhattisgarh","dantewada district","1365097"
"meghalaya","west garo hills district","1355535"
"assam","charaideo district","1343998"
"haryana","nuh district","1333736"
"assam","chirang district","1283967"
"tripura","gomati district","1282393"
"odisha","angul district","1278151"
"uttarakhand","champawat district","1233121"
"uttar-pradesh","raebareli district","1198211"
"odisha","deogarh district","1192199"
"karnataka","vijayanagara district","1181244"
"madhya-pradesh","narmadapuram district","1145333"
"telangana","warangal district","1145122"
"uttarakhand","rudraprayag district","1139241"
"jharkhand","khunti district","1136721"
"jammu-&-kashmir","kulgam district","1132961"
"nagaland","kohima district","1128265"
"tripura","dhalai district","1109998"
"rajasthan","deeg district","1107661"
"chhattisgarh","bijapur district","1102555"
"telangana","mahabubnagar district","1093946"
"tamil-nadu","thoothukudi district","1077786"
"west-bengal","kalimpong district","1068527"
"uttarakhand","bageshwar district","1040474"
"puducherry","karaikal district","1035188"
"gujarat","sabarkantha district","1034027"
"jammu-&-kashmir","poonch district","1030186"
"rajasthan","beawar district","1009172"
"odisha","jagatsinghpur district","1003916"
"rajasthan","neem ka thana district","999537"
"jharkhand","simdega district","999489"
"jammu-&-kashmir","reasi district","989949"
"uttar-pradesh","bagpat district","938439"
"manipur","thoubal district","937207"
"madhya-pradesh","khandwa district","935467"
"chhattisgarh","sukma district","934650"
"kerala","kasargod district","929795"
"jammu-&-kashmir","doda district","926000"
"gujarat","panchmahals district","915798"
"telangana","peddapalli district","910666"
"rajasthan","balotra district","904193"
"jammu-&-kashmir","bandipore district","887289"
"sikkim","south district","878289"
"gujarat","dahod district","874811"
"tripura","khowai district","862002"
"tamil-nadu","kallakurichi district","839231"
"bihar","kaimur district","831981"
"uttar-pradesh","sant kabir nagar district","826267"
"manipur","bishnupur district","821501"
"karnataka","yadgiri district","808893"
"assam","dima hasao district","801087"
"jharkhand","seraikela kharsawan district","794180"
"tripura","unakoti district","778146"
"jammu-&-kashmir","ganderbal district","768002"
"assam","south salmara mancachar district","765970"
"rajasthan","anupgarh district","746971"
"karnataka","chamarajanagar district","717204"
"chhattisgarh","balodabazar bhatapara district","708702"
"manipur","churachandpur district","702668"
"arunachal-pradesh","west kameng district","671219"
"rajasthan","gangapur city district","664879"
"jammu-&-kashmir","shopian district","653890"
"himachal-pradesh","kinnaur district","653690"
"rajasthan","phalodi district","637620"
"gujarat","aravalli district","637409"
"jammu-&-kashmir","ramban district","624348"
"arunachal-pradesh","changlang district","622210"
"arunachal-pradesh","east siang district","614391"
"andhra-pradesh","parvathipuram manyam district","610049"
"assam","morigaon district","602461"
"punjab","ferozepur district","602127"
"andhra-pradesh","alluri sitharama raju district","595469"
"rajasthan","shahpura district","589172"
"rajasthan","sanchore district","583896"
"jharkhand","sahibganj district","569053"
"tamil-nadu","tiruvarur district","564023"
"sikkim","west district","545124"
"chhattisgarh","narayanpur district","543585"
"manipur","kangpokpi district","543126"
"ladakh","kargil district","525276"
"chhattisgarh","sakti district","508402"
"meghalaya","ribhoi district","501505"
"rajasthan","kekri district","494370"
"chhattisgarh","north bastar kanker district","492607"
"madhya-pradesh","maihar district","486568"
"gujarat","the dangs district","472684"
"nagaland","mon district","470526"
"nagaland","mokokchung district","464645"
"tamil-nadu","mayiladuthurai district","462212"
"jammu-&-kashmir","kishtwar district","455957"
"meghalaya","east jaintia hills district","447599"
"assam","west karbi anglong district","444520"
"assam","majuli district","441171"
"arunachal-pradesh","lohit district","434345"
"chhattisgarh","balrampur ramanujganj district","410797"
"chhattisgarh","sarangarh bilaigarh district","409336"
"puducherry","yanam district","396163"
"odisha","subarnapur district","388951"
"manipur","kakching district","385764"
"arunachal-pradesh","tawang district","379784"
"telangana","jayashankar bhupalpally district","363888"
"sikkim","north district","360195"
"arunachal-pradesh","itanagar capital complex district","358018"
"dadra-&-nagar-haveli-&-daman-&-diu","diu district","356931"
"arunachal-pradesh","namsai district","352393"
"assam","south salmara mankachar district","347114"
"arunachal-pradesh","west siang district","342403"
"mizoram","lunglei district","332389"
"chhattisgarh","gariaband district","331082"
"madhya-pradesh","mauganj district","286818"
"rajasthan","salumber district","284747"
"sikkim","gangtok district","284290"
"rajasthan","dudu district","279334"
"puducherry","mahe district","278792"
"nagaland","wokha district","276884"
"meghalaya","west jaintia hills district","276433"
"manipur","ukhrul district","276205"
"madhya-pradesh","pandhurna district","276109"
"mizoram","lawngtlai district","267348"
"arunachal-pradesh","lower dibang valley district","267179"
"arunachal-pradesh","lower subansiri district","262981"
"chhattisgarh","manendragarh chirmiri bharatpur district","260408"
"punjab","shaheed bhagat singh nagar district","260205"
"nagaland","tuensang district","258164"
"andaman-&-nicobar-islands","north and middle andaman district","247712"
"punjab","malerkotla district","236994"
"arunachal-pradesh","tirap district","232866"
"manipur","tamenglong district","228432"
"nagaland","phek district","226131"
"meghalaya","south west garo hills district","224590"
"chhattisgarh","gaurela pendra marwahi district","222511"
"meghalaya","north garo hills district","220842"
"arunachal-pradesh","upper subansiri district","217962"
"meghalaya","east garo hills district","210495"
"mizoram","kolasib district","198077"
"chhattisgarh","khairagarh chhuikhadan gandai district","196312"
"manipur","chandel district","188292"
"nagaland","zunheboto district","180620"
"meghalaya","south garo hills district","180532"
"manipur","tengnoupal district","170926"
"manipur","jiribam district","162237"
"meghalaya","west khasi hills district","149590"
"mizoram","mamit district","149222"
"mizoram","champhai district","146987"
"lakshadweep","lakshadweep district","142697"
"nagaland","chumoukedima district","141790"
"jammu-&-kashmir","mirpur district","140657"
"arunachal-pradesh","east kameng district","137988"
"arunachal-pradesh","longding district","134199"
"nagaland","peren district","132415"
"meghalaya","ri bhoi district","128121"
"chhattisgarh","mohla manpur ambagarh chouki district","125325"
"assam","tamulpur district","124228"
"arunachal-pradesh","upper siang district","121966"
"nagaland","kiphire district","118180"
"sikkim","namchi district","115837"
"arunachal-pradesh","lower siang district","114705"
"mizoram","serchhip district","112802"
"himachal-pradesh","lahul and spiti district","104384"
"manipur","noney district","104026"
"sikkim","pakyong district","102172"
"nagaland","longleng district","101694"
"arunachal-pradesh","lepa rada district","94626"
"assam","bajali district","91432"
"gujarat","dangs district","91084"
"arunachal-pradesh","siang district","90367"
"arunachal-pradesh","anjaw district","87108"
"manipur","senapati district","78841"
"mizoram","saiha district","65424"
"meghalaya","south west khasi hills district","51111"
"sikkim","mangan district","48528"
"sikkim","gyalshing district","48188"
"manipur","kamjong district","44764"
"arunachal-pradesh","kurung kumey district","43510"
"arunachal-pradesh","kra daadi district","43254"
"andaman-&-nicobar-islands","nicobars district","41665"
"sikkim","soreng district","34044"
"himachal-pradesh","lahaul and spiti district","33078"
"arunachal-pradesh","kamle district","30398"
"arunachal-pradesh","pakke kessang district","22810"
"arunachal-pradesh","dibang valley district","22037"
"manipur","pherzawl district","18356"
"arunachal-pradesh","shi yomi district","16753"
"andaman-&-nicobar-islands","nicobar district","15193"
"mizoram","siaha district","14430"
"jammu-&-kashmir","muzaffarabad district","12756"
"mizoram","saitual district","9503"
"meghalaya","eastern west khasi hills district","8907"
"mizoram","hnahthial district","5729"
"mizoram","khawzawl district","5604"
"nagaland","noklak district","5447"
"nagaland","shamator district","4068"
"nagaland","tseminyu district","3556"
"nagaland","niuland district","85"
