"state","district","total_transactions","total_amount"
"karnataka","bengaluru urban district","1117691","1491957727.0"
"maharashtra","pune district","396173","534030810.0"
"maharashtra","thane district","260578","304070981.0"
"tamil-nadu","chennai district","251081","272805547.0"
"maharashtra","mumbai suburban district","211311","236599457.0"
"telangana","rangareddy district","206714","297358756.0"
"telangana","medchal malkajgiri district","178028","241346337.0"
"rajasthan","jaipur district","177296","245957468.0"
"telangana","hyderabad district","169470","206522027.0"
"haryana","gurugram district","168368","214086124.0"
"west-bengal","north twenty four parganas district","155839","200825955.0"
"kerala","ernakulam district","146403","224516235.0"
"west-bengal","kolkata district","142018","167978549.0"
"tamil-nadu","chengalpattu district","126679","161675831.0"
"maharashtra","nagpur district","125525","167071676.0"
"andhra-pradesh","visakhapatnam district","125230","141996713.0"
"tamil-nadu","coimbatore district","119765","165350323.0"
"tamil-nadu","thiruvallur district","119177","138482474.0"
"gujarat","surat district","119086","130894341.0"
"uttar-pradesh","ghaziabad district","116789","158491729.0"
"bihar","patna district","116594","141039912.0"
"gujarat","ahmadabad district","114972","138432388.0"
"uttar-pradesh","gautam buddha nagar district","106329","142277649.0"
"kerala","thiruvananthapuram district","103428","165005191.0"
"madhya-pradesh","indore district","102655","144207492.0"
"karnataka","mysuru district","96921","141953903.0"
"delhi","west district","92609","114243053.0"
"kerala","malappuram district","89482","138697345.0"
"kerala","kozhikode district","88360","128681471.0"
"maharashtra","nashik district","85983","123445596.0"
"haryana","faridabad district","83357","103884322.0"
"uttar-pradesh","lucknow district","80028","127936264.0"
"maharashtra","mumbai district","79243","86556884.0"
"andhra-pradesh","krishna district","77040","85347172.0"
"delhi","new delhi district","71428","95971498.0"
"tamil-nadu","kancheepuram district","70770","84035852.0"
"odisha","khordha district","70467","92143011.0"
"andhra-pradesh","guntur district","67484","76404376.0"
"maharashtra","raigad district","67398","95794263.0"
"delhi","central district","65915","79625038.0"
"delhi","north west district","65289","80717630.0"
"delhi","south east delhi district","65167","76854716.0"
"tamil-nadu","tiruppur district","63554","83225943.0"
"kerala","thrissur district","63301","102062760.0"
"andhra-pradesh","east godavari district","63018","75024229.0"
"maharashtra","solapur district","62562","79987298.0"
"maharashtra","palghar district","61357","73454021.0"
"assam","kamrup metropolitan district","60952","83494111.0"
"karnataka","belagavi district","60197","87400169.0"
"uttar-pradesh","kanpur nagar district","59197","82204985.0"
"kerala","kollam district","58628","96995916.0"
"west-bengal","howrah district","58495","70543755.0"
"delhi","south west district","58465","78852906.0"
"karnataka","dharwad district","58103","79965979.0"
"west-bengal","south twenty four parganas district","57775","70952944.0"
"andhra-pradesh","chittoor district","57729","74833670.0"
"jharkhand","ranchi district","55193","77771355.0"
"madhya-pradesh","bhopal district","54989","93446961.0"
"delhi","north district","52125","66545381.0"
"kerala","alappuzha district","51642","82056919.0"
"west-bengal","hooghly district","49809","60946552.0"
"kerala","kannur district","49801","80169963.0"
"jharkhand","east singhbhum district","48945","59492736.0"
"karnataka","dakshina kannada district","47915","70756945.0"
"tamil-nadu","madurai district","47820","57159514.0"
"delhi","south district","47198","60286971.0"
"uttar-pradesh","meerut district","46610","73101662.0"
"karnataka","bengaluru rural district","46537","71267379.0"
"west-bengal","paschim bardhaman district","46412","61709669.0"
"telangana","sangareddy district","46331","67357244.0"
"chhattisgarh","raipur district","45705","61310011.0"
"delhi","east district","44883","53978007.0"
"kerala","palakkad district","44102","71196502.0"
"maharashtra","aurangabad district","43610","45721373.0"
"uttarakhand","dehradun district","42243","69805370.0"
"karnataka","tumakuru district","42091","65969584.0"
"kerala","kottayam district","41259","71631448.0"
"maharashtra","ahmednagar district","41202","55555217.0"
"andhra-pradesh","spsr nellore district","40440","43580405.0"
"rajasthan","alwar district","39359","52366316.0"
"andhra-pradesh","west godavari district","39263","45467706.0"
"uttar-pradesh","prayagraj district","39204","61087739.0"
"karnataka","ballari district","38364","50190159.0"
"karnataka","shivamogga district","37954","59131450.0"
"delhi","shahdara district","37370","45380324.0"
"delhi","north east district","36775","41895395.0"
"jharkhand","dhanbad district","36544","46792065.0"
"tamil-nadu","krishnagiri district","36502","52126951.0"
"tamil-nadu","salem district","36285","48878392.0"
"west-bengal","paschim medinipur district","35829","45011523.0"
"karnataka","davanagere district","35625","49432489.0"
"gujarat","vadodara district","35567","50397968.0"
"andhra-pradesh","prakasam district","35336","35381478.0"
"maharashtra","kolhapur district","35161","55383786.0"
"rajasthan","jodhpur district","34431","55283201.0"
"karnataka","kalaburagi district","34009","48052231.0"
"haryana","rewari district","33946","47168927.0"
"punjab","sas nagar district","33903","56932161.0"
"bihar","muzaffarpur district","33547","39072374.0"
"uttar-pradesh","gorakhpur district","32824","49158173.0"
"telangana","warangal urban district","32713","36322996.0"
"andhra-pradesh","ysr district","32574","36507216.0"
"west-bengal","nadia district","32197","42052638.0"
"goa","north goa district","32008","46287267.0"
"west-bengal","purba bardhaman district","31975","39714539.0"
"andhra-pradesh","anantapur district","31841","39244683.0"
"punjab","ludhiana district","30998","43907139.0"
"uttar-pradesh","agra district","30962","48945582.0"
"gujarat","ahmedabad district","30452","42718378.0"
"maharashtra","jalgaon district","29797","39966030.0"
"karnataka","hassan district","29507","50841930.0"
"uttar-pradesh","varanasi district","29425","42711355.0"
"madhya-pradesh","gwalior district","29286","41151442.0"
"haryana","sonipat district","28796","46317426.0"
"karnataka","vijayapura district","28483","37633687.0"
"west-bengal","purba medinipur district","28263","35344347.0"
"rajasthan","sikar district","27916","46540895.0"
"goa","south goa district","27864","37442738.0"
"uttar-pradesh","moradabad district","27851","40068194.0"
"gujarat","rajkot district","27739","37255992.0"
"andhra-pradesh","kurnool district","27527","32250086.0"
"west-bengal","murshidabad district","27270","31928704.0"
"tamil-nadu","tiruchirappalli district","27158","36932354.0"
"uttar-pradesh","bareilly district","27013","40284931.0"
"tamil-nadu","erode district","27010","38893506.0"
"rajasthan","kota district","26607","36794593.0"
"karnataka","ramanagara district","26540","38727041.0"
"west-bengal","maldah district","26376","32721539.0"
"chhattisgarh","durg district","26319","38778924.0"
"maharashtra","satara district","26287","44928295.0"
"maharashtra","amravati district","25978","36699366.0"
"west-bengal","darjiling district","25950","34394795.0"
"haryana","hisar district","25844","41234237.0"
"karnataka","uttara kannada district","25774","41243265.0"
"odisha","cuttack district","25716","31675613.0"
"gujarat","kachchh district","25566","31276028.0"
"kerala","idukki district","25518","46991591.0"
"gujarat","gandhinagar district","25352","38562663.0"
"karnataka","kolar district","24869","40706463.0"
"gujarat","valsad district","24779","33652969.0"
"jammu-&-kashmir","jammu district","24549","43604838.0"
"andhra-pradesh","vizianagaram district","24529","24963313.0"
"madhya-pradesh","jabalpur district","24476","36745335.0"
"bihar","vaishali district","24447","29593819.0"
"jharkhand","bokaro district","24275","34173635.0"
"maharashtra","latur district","24255","31498044.0"
"karnataka","mandya district","24236","37743313.0"
"uttar-pradesh","gautambuddha nagar district","23958","38759391.0"
"haryana","jhajjar district","23780","38071007.0"
"puducherry","puducherry district","23684","30933194.0"
"rajasthan","udaipur district","23403","35684411.0"
"maharashtra","nanded district","23301","27575290.0"
"odisha","ganjam district","22938","28417373.0"
"gujarat","bharuch district","22768","30449521.0"
"rajasthan","jhunjhunu district","22737","37691893.0"
"telangana","nalgonda district","22613","27180223.0"
"uttarakhand","haridwar district","22513","34940155.0"
"andhra-pradesh","srikakulam district","22134","24835442.0"
"karnataka","udupi district","22113","33459969.0"
"chandigarh","chandigarh district","22079","33285885.0"
"uttar-pradesh","saharanpur district","22005","38388175.0"
"maharashtra","chandrapur district","21532","32109217.0"
"haryana","panipat district","21237","29237051.0"
"kerala","pathanamthitta district","20856","37010271.0"
"maharashtra","sangli district","20694","37600478.0"
"bihar","samastipur district","20682","25456740.0"
"rajasthan","ajmer district","20546","31753021.0"
"telangana","khammam district","20516","24592460.0"
"odisha","sundargarh district","20441","28374398.0"
"bihar","bhagalpur district","20349","25927210.0"
"uttar-pradesh","bulandshahr district","20348","30046872.0"
"uttarakhand","udham singh nagar district","20232","29911544.0"
"telangana","karimnagar district","20178","24150102.0"
"bihar","begusarai district","19825","23762490.0"
"kerala","wayanad district","19814","34087369.0"
"bihar","saran district","19550","26127215.0"
"haryana","rohtak district","19489","32363590.0"
"telangana","bhadradri kothagudem district","19210","24880664.0"
"karnataka","bidar district","19208","28227292.0"
"uttar-pradesh","jhansi district","19089","31163819.0"
"bihar","gaya district","19082","24025085.0"
"tamil-nadu","cuddalore district","19062","27141689.0"
"karnataka","raichur district","18705","25009427.0"
"chhattisgarh","bilaspur district","18665","25905704.0"
"uttar-pradesh","aligarh district","18610","29050042.0"
"uttar-pradesh","mathura district","18571","29159621.0"
"bihar","darbhanga district","17959","21763041.0"
"uttar-pradesh","muzaffarnagar district","17856","28609433.0"
"bihar","purbi champaran district","17797","20960572.0"
"haryana","karnal district","17549","27536203.0"
"haryana","bhiwani district","17482","27549232.0"
"kerala","kasaragod district","17376","27985123.0"
"karnataka","bagalkote district","16948","23895929.0"
"tamil-nadu","dindigul district","16903","26373083.0"
"rajasthan","bhilwara district","16893","22074039.0"
"karnataka","chikkamagaluru district","16881","30141334.0"
"rajasthan","ganganagar district","16776","31616770.0"
"tamil-nadu","thanjavur district","16525","22964597.0"
"telangana","mancherial district","16154","19824701.0"
"rajasthan","bikaner district","16097","26557394.0"
"tamil-nadu","tirunelveli district","16033","21901270.0"
"maharashtra","beed district","15992","20718869.0"
"madhya-pradesh","ujjain district","15910","21494625.0"
"haryana","mahendragarh district","15879","23909644.0"
"bihar","madhubani district","15713","20353371.0"
"tamil-nadu","namakkal district","15626","21532145.0"
"karnataka","chitradurga district","15613","23806875.0"
"haryana","palwal district","15595","23605305.0"
"punjab","amritsar district","15496","26989149.0"
"west-bengal","bankura district","15467","19582144.0"
"delhi","south east district","15290","21014253.0"
"punjab","jalandhar district","15286","24285885.0"
"west-bengal","birbhum district","15240","18426150.0"
"west-bengal","jalpaiguri district","15127","21423204.0"
"rajasthan","barmer district","15103","21670193.0"
"assam","dibrugarh district","15084","26208945.0"
"tamil-nadu","vellore district","14995","22009369.0"
"telangana","nizamabad district","14912","18163953.0"
"haryana","ambala district","14902","25494292.0"
"uttar-pradesh","bijnor district","14872","25659714.0"
"uttar-pradesh","azamgarh district","14743","24885046.0"
"himachal-pradesh","kangra district","14682","28562540.0"
"maharashtra","buldhana district","14504","19513909.0"
"tamil-nadu","kanniyakumari district","14469","23882405.0"
"tamil-nadu","tiruvallur district","14397","19789166.0"
"bihar","nalanda district","14396","18311252.0"
"rajasthan","nagaur district","14310","23519552.0"
"tamil-nadu","viluppuram district","14282","20335139.0"
"rajasthan","pali district","14274","22156624.0"
"odisha","kendujhar district","14273","20372274.0"
"rajasthan","hanumangarh district","14161","27207872.0"
"assam","sonitpur district","14005","23063052.0"
"uttar-pradesh","jaunpur district","13620","22427486.0"
"uttarakhand","nainital district","13593","21515942.0"
"west-bengal","uttar dinajpur district","13551","17264869.0"
"uttar-pradesh","hapur district","13426","21433571.0"
"bihar","katihar district","13357","16541441.0"
"west-bengal","koch bihar district","13188","14424625.0"
"madhya-pradesh","dhar district","13105","16250553.0"
"bihar","siwan district","13069","17482916.0"
"telangana","peddapalle district","13046","15725363.0"
"gujarat","mahesana district","12947","18969130.0"
"assam","barpeta district","12874","18805621.0"
"maharashtra","dhule district","12871","18538262.0"
"madhya-pradesh","rewa district","12765","18603085.0"
"assam","nagaon district","12758","20794308.0"
"himachal-pradesh","solan district","12754","20154495.0"
"bihar","pashchim champaran district","12740","15414039.0"
"karnataka","chikkaballapura district","12686","19779810.0"
"gujarat","bhavnagar district","12667","15066820.0"
"maharashtra","ratnagiri district","12615","20173134.0"
"tamil-nadu","tiruvannamalai district","12543","17192039.0"
"chhattisgarh","korba district","12456","18400674.0"
"telangana","suryapet district","12453","15117277.0"
"maharashtra","yavatmal district","12420","19442852.0"
"odisha","anugul district","12385","16041200.0"
"tripura","west tripura district","12256","15414785.0"
"karnataka","haveri district","12238","18682114.0"
"haryana","jind district","11965","19720402.0"
"haryana","panchkula district","11956","20145587.0"
"andhra-pradesh","ntr district","11933","15265290.0"
"rajasthan","bharatpur district","11907","15864132.0"
"uttar-pradesh","ghazipur district","11844","18758317.0"
"madhya-pradesh","dewas district","11781","16887534.0"
"chhattisgarh","raigarh district","11647","15224554.0"
"rajasthan","churu district","11625","18865325.0"
"bihar","rohtas district","11416","16096985.0"
"west-bengal","purulia district","11410","15431531.0"
"assam","kamrup district","11409","17055403.0"
"maharashtra","jalna district","11344","12251876.0"
"madhya-pradesh","chhindwara district","11340","18259896.0"
"haryana","yamunanagar district","11336","18671520.0"
"madhya-pradesh","satna district","11322","15189256.0"
"bihar","purnia district","11267","14084414.0"
"madhya-pradesh","singrauli district","11214","18157213.0"
"haryana","sirsa district","11165","22795053.0"
"andaman-&-nicobar-islands","south andaman district","11160","16043671.0"
"madhya-pradesh","sagar district","11077","16617220.0"
"punjab","patiala district","10984","20648843.0"
"punjab","bathinda district","10895","18554735.0"
"tamil-nadu","virudhunagar district","10856","14048303.0"
"gujarat","banas kantha district","10851","14135923.0"
"odisha","mayurbhanj district","10797","15226167.0"
"odisha","sambalpur district","10789","14308373.0"
"bihar","sitamarhi district","10759","12682461.0"
"uttar-pradesh","deoria district","10719","17230268.0"
"rajasthan","jalore district","10688","20420087.0"
"uttar-pradesh","ballia district","10622","17606507.0"
"tamil-nadu","ranipet district","10568","14216586.0"
"haryana","kurukshetra district","10544","18319242.0"
"uttar-pradesh","sonbhadra district","10437","15191561.0"
"assam","tinsukia district","10433","18175659.0"
"karnataka","koppal district","10404","14244800.0"
"jharkhand","saraikela kharsawan district","10388","12288947.0"
"uttar-pradesh","kushinagar district","10343","14946756.0"
"maharashtra","wardha district","10280","15955789.0"
"tamil-nadu","dharmapuri district","10271","14555077.0"
"tamil-nadu","theni district","10264","15184557.0"
"telangana","siddipet district","10244","13213406.0"
"jharkhand","palamu district","10239","12980373.0"
"bihar","bhojpur district","10192","13665591.0"
"uttar-pradesh","pratapgarh district","10101","16995074.0"
"odisha","baleshwar district","10071","11682892.0"
"rajasthan","chittorgarh district","10067","15013697.0"
"odisha","puri district","9936","12611358.0"
"uttar-pradesh","ayodhya district","9913","15912615.0"
"rajasthan","dausa district","9881","13698137.0"
"karnataka","kodagu district","9855","20004035.0"
"telangana","jagtial district","9736","12519767.0"
"assam","cachar district","9563","15219769.0"
"assam","jorhat district","9512","16084270.0"
"bihar","munger district","9486","11225824.0"
"maharashtra","parbhani district","9481","9978986.0"
"maharashtra","akola district","9381","13574502.0"
"bihar","gopalganj district","9359","14330267.0"
"odisha","jajapur district","9346","11632910.0"
"dadra-&-nagar-haveli-&-daman-&-diu","dadra and nagar haveli district","9185","10783114.0"
"maharashtra","bhandara district","9104","14369048.0"
"gujarat","jamnagar district","9094","12702989.0"
"tamil-nadu","thoothukkudi district","9072","13385239.0"
"bihar","aurangabad district","9065","12734543.0"
"uttar-pradesh","basti district","9039","13114584.0"
"uttar-pradesh","amroha district","8907","16692382.0"
"maharashtra","osmanabad district","8845","13658091.0"
"odisha","koraput district","8795","12904492.0"
"west-bengal","alipurduar district","8782","12649662.0"
"karnataka","gadag district","8692","13219571.0"
"odisha","jharsuguda district","8601","11498913.0"
"haryana","kaithal district","8518","14534919.0"
"madhya-pradesh","betul district","8477","11243571.0"
"telangana","yadadri bhuvanagiri district","8466","11341270.0"
"tamil-nadu","nagapattinam district","8453","12017918.0"
"jharkhand","ramgarh district","8448","12414033.0"
"uttar-pradesh","shahjahanpur district","8439","14059867.0"
"punjab","hoshiarpur district","8362","17098350.0"
"uttar-pradesh","etawah district","8311","13780378.0"
"uttar-pradesh","shamli district","8305","12835940.0"
"maharashtra","sindhudurg district","8256","14639270.0"
"uttar-pradesh","sultanpur district","8109","13391040.0"
"tamil-nadu","tirupathur district","8101","11860710.0"
"uttar-pradesh","rampur district","8081","12833503.0"
"gujarat","anand district","8080","12024507.0"
"rajasthan","sirohi district","8072","12143521.0"
"jammu-&-kashmir","srinagar district","8058","15810175.0"
"tamil-nadu","sivaganga district","7999","11779925.0"
"madhya-pradesh","ratlam district","7986","11263037.0"
"tamil-nadu","karur district","7984","11959443.0"
"chhattisgarh","janjgir champa district","7978","10849035.0"
"uttar-pradesh","unnao district","7952","12675757.0"
"odisha","rayagada district","7871","9888731.0"
"telangana","kamareddy district","7798","8380040.0"
"punjab","pathankot district","7764","14033614.0"
"maharashtra","gondia district","7753","12331509.0"
"andhra-pradesh","tirupati district","7686","11889347.0"
"uttar-pradesh","maharajganj district","7666","11457137.0"
"uttar-pradesh","firozabad district","7633","11775259.0"
"madhya-pradesh","balaghat district","7588","12146413.0"
"tamil-nadu","the nilgiris district","7543","13909058.0"
"assam","dhubri district","7474","10456273.0"
"bihar","saharsa district","7464","8722761.0"
"haryana","fatehabad district","7449","14378180.0"
"gujarat","kheda district","7421","10597650.0"
"west-bengal","malda district","7335","9243254.0"
"uttar-pradesh","mau district","7298","12478877.0"
"uttar-pradesh","hardoi district","7278","11371325.0"
"madhya-pradesh","sehore district","7249","10741283.0"
"uttar-pradesh","baghpat district","7246","12281005.0"
"madhya-pradesh","khargone district","7199","9618245.0"
"maharashtra","nandurbar district","7179","13279233.0"
"rajasthan","sawai madhopur district","7166","8555164.0"
"tamil-nadu","tenkasi district","7136","10382520.0"
"bihar","araria district","7120","8444836.0"
"maharashtra","chhatrapati sambhaji nagar district","7098","12507417.0"
"assam","lakhimpur district","7080","13353524.0"
"odisha","bhadrak district","7038","8090532.0"
"rajasthan","rajsamand district","7035","11277399.0"
"rajasthan","tonk district","6997","9598821.0"
"telangana","mahbubnagar district","6961","9190065.0"
"uttarakhand","pauri garhwal district","6938","11090093.0"
"west-bengal","dakshin dinajpur district","6891","8166991.0"
"telangana","nirmal district","6839","8277416.0"
"jharkhand","hazaribagh district","6807","10293470.0"
"odisha","dhenkanal district","6794","8900184.0"
"jharkhand","deoghar district","6746","9634428.0"
"haryana","mewat district","6746","9420073.0"
"uttar-pradesh","rae bareli district","6733","10672433.0"
"uttar-pradesh","fatehpur district","6720","11075268.0"
"odisha","balangir district","6643","8891909.0"
"rajasthan","jaisalmer district","6641","9122087.0"
"gujarat","navsari district","6629","11059806.0"
"bihar","khagaria district","6607","7986527.0"
"madhya-pradesh","katni district","6556","9041188.0"
"uttar-pradesh","sitapur district","6555","10442707.0"
"tamil-nadu","pudukkottai district","6554","8750875.0"
"bihar","nawada district","6470","8859954.0"
"tamil-nadu","ramanathapuram district","6457","8615217.0"
"uttar-pradesh","gonda district","6446","9777061.0"
"assam","darrang district","6445","8830278.0"
"west-bengal","darjeeling district","6430","9661418.0"
"rajasthan","jaipur rural district","6403","10733112.0"
"madhya-pradesh","raisen district","6400","9806706.0"
"uttar-pradesh","mirzapur district","6399","10192876.0"
"jharkhand","giridih district","6388","8752499.0"
"odisha","kalahandi district","6359","8412571.0"
"chhattisgarh","rajnandgaon district","6358","9404144.0"
"assam","karimganj district","6325","10382286.0"
"uttar-pradesh","siddharthnagar district","6291","9957860.0"
"bihar","buxar district","6289","9278050.0"
"bihar","madhepura district","6280","7189963.0"
"assam","bongaigaon district","6257","9370621.0"
"gujarat","morbi district","6226","7918084.0"
"bihar","supaul district","6213","7579983.0"
"uttar-pradesh","mainpuri district","6182","10073445.0"
"haryana","charkhi dadri district","6166","10108615.0"
"assam","goalpara district","6154","9714089.0"
"madhya-pradesh","morena district","6144","8410898.0"
"uttar-pradesh","budaun district","6106","9336207.0"
"uttar-pradesh","amethi district","6069","10010020.0"
"gujarat","patan district","6058","7792789.0"
"bihar","banka district","6035","8792575.0"
"madhya-pradesh","hoshangabad district","6025","9296964.0"
"telangana","medak district","5921","7454080.0"
"rajasthan","jhalawar district","5913","7677630.0"
"chhattisgarh","bastar district","5907","9262010.0"
"assam","golaghat district","5891","10563731.0"
"madhya-pradesh","mandsaur district","5831","7472747.0"
"uttar-pradesh","chandauli district","5749","8574416.0"
"telangana","rajanna sircilla district","5748","6840164.0"
"madhya-pradesh","seoni district","5726","9512991.0"
"odisha","jagatsinghapur district","5667","6917256.0"
"uttar-pradesh","jalaun district","5658","9759053.0"
"gujarat","surendranagar district","5657","8103879.0"
"rajasthan","bundi district","5624","7911744.0"
"odisha","bargarh district","5607","7455426.0"
"telangana","mahabubabad district","5587","5830761.0"
"assam","kokrajhar district","5581","8068619.0"
"andhra-pradesh","sri potti sriramulu nellore district","5579","7676665.0"
"jharkhand","west singhbhum district","5576","8179792.0"
"gujarat","junagadh district","5567","8875699.0"
"karnataka","chamarajanagara district","5564","9016641.0"
"uttar-pradesh","ambedkar nagar district","5516","8498641.0"
"bihar","jamui district","5501","6795019.0"
"rajasthan","karauli district","5491","6955582.0"
"uttar-pradesh","kheri district","5463","8716314.0"
"madhya-pradesh","guna district","5443","6365923.0"
"telangana","warangal rural district","5393","5666354.0"
"himachal-pradesh","hamirpur district","5378","10393608.0"
"tamil-nadu","thiruvarur district","5377","7560068.0"
"uttar-pradesh","farrukhabad district","5343","9090230.0"
"chhattisgarh","surguja district","5340","9390164.0"
"assam","nalbari district","5277","7818771.0"
"madhya-pradesh","chhatarpur district","5270","8083259.0"
"gujarat","panch mahals district","5269","6613457.0"
"maharashtra","gadchiroli district","5238","8700411.0"
"assam","baksa district","5224","7903298.0"
"telangana","jangaon district","5209","6825312.0"
"karnataka","yadgir district","5194","6567521.0"
"punjab","sangrur district","5191","8775838.0"
"himachal-pradesh","sirmaur district","5190","9216530.0"
"andhra-pradesh","kakinada district","5174","7356591.0"
"assam","sivasagar district","5168","10347444.0"
"uttar-pradesh","bara banki district","5165","8379536.0"
"uttar-pradesh","bahraich district","5153","8560361.0"
"telangana","vikarabad district","5139","7385073.0"
"bihar","jehanabad district","5123","6106579.0"
"punjab","gurdaspur district","5108","10993600.0"
"uttar-pradesh","kanpur dehat district","5082","7782040.0"
"madhya-pradesh","sidhi district","5035","7298192.0"
"himachal-pradesh","mandi district","5022","10350470.0"
"odisha","kendrapara district","5017","6134577.0"
"madhya-pradesh","shahdol district","5011","6723695.0"
"assam","hojai district","4997","7798508.0"
"gujarat","sabar kantha district","4975","6689860.0"
"rajasthan","dholpur district","4967","6113167.0"
"rajasthan","baran district","4930","6486391.0"
"maharashtra","washim district","4924","6309442.0"
"telangana","nagarkurnool district","4919","5691709.0"
"himachal-pradesh","shimla district","4914","11198738.0"
"madhya-pradesh","rajgarh district","4871","6372369.0"
"tamil-nadu","kallakkurichi district","4856","6840995.0"
"rajasthan","banswara district","4841","7785641.0"
"uttar-pradesh","hathras district","4829","7512345.0"
"uttar-pradesh","auraiya district","4748","7567643.0"
"maharashtra","hingoli district","4666","5483796.0"
"telangana","adilabad district","4648","5584190.0"
"assam","biswanath district","4637","7990831.0"
"madhya-pradesh","vidisha district","4625","7082034.0"
"uttar-pradesh","sambhal district","4606","7764881.0"
"jharkhand","garhwa district","4580","5813509.0"
"jammu-&-kashmir","udhampur district","4547","8369476.0"
"madhya-pradesh","bhind district","4544","6671488.0"
"uttar-pradesh","kannauj district","4543","7843312.0"
"tamil-nadu","ariyalur district","4519","5542386.0"
"jammu-&-kashmir","kathua district","4487","8484092.0"
"madhya-pradesh","narsinghpur district","4474","6972176.0"
"bihar","kishanganj district","4472","5754545.0"
"jammu-&-kashmir","samba district","4463","8586639.0"
"uttar-pradesh","pilibhit district","4459","6776922.0"
"meghalaya","east khasi hills district","4428","8037418.0"
"punjab","kapurthala district","4424","7882853.0"
"jammu-&-kashmir","budgam district","4384","8328931.0"
"uttar-pradesh","etah district","4382","6842262.0"
"himachal-pradesh","una district","4353","8891442.0"
"dadra-&-nagar-haveli-&-daman-&-diu","daman district","4341","6517395.0"
"punjab","rupnagar district","4334","8568856.0"
"chhattisgarh","mahasamund district","4289","6468372.0"
"kerala","kasargod district","4265","6630403.0"
"assam","udalguri district","4237","6352855.0"
"telangana","hanumakonda district","4237","6536534.0"
"jharkhand","godda district","4219","5872564.0"
"punjab","fazilka district","4193","8799774.0"
"madhya-pradesh","neemuch district","4105","6262199.0"
"madhya-pradesh","shivpuri district","4090","6335458.0"
"rajasthan","dungarpur district","4022","6455258.0"
"uttar-pradesh","bhadohi district","4012","5761828.0"
"chhattisgarh","baloda bazar district","4007","5470952.0"
"jammu-&-kashmir","anantnag district","3984","8832147.0"
"assam","marigaon district","3980","5924712.0"
"madhya-pradesh","east nimar district","3951","4955340.0"
"assam","karbi anglong district","3949","6862848.0"
"telangana","jogulamba gadwal district","3917","3839517.0"
"madhya-pradesh","mandla district","3813","5140856.0"
"andhra-pradesh","anakapalli district","3810","4468572.0"
"madhya-pradesh","shajapur district","3800","4904578.0"
"uttarakhand","tehri garhwal district","3798","6507159.0"
"odisha","angul district","3762","5072341.0"
"madhya-pradesh","barwani district","3747","4783779.0"
"west-bengal","jhargram district","3704","5541188.0"
"telangana","kumuram bheem asifabad district","3702","4494660.0"
"odisha","nabarangpur district","3680","5868541.0"
"madhya-pradesh","jhabua district","3657","4069073.0"
"odisha","nayagarh district","3619","4450688.0"
"rajasthan","khairthal tijara district","3596","5047574.0"
"uttar-pradesh","sant kabeer nagar district","3594","5790018.0"
"bihar","lakhisarai district","3594","4429628.0"
"gujarat","amreli district","3568","4897401.0"
"uttar-pradesh","kasganj district","3549","5627097.0"
"gujarat","dohad district","3490","4344431.0"
"punjab","tarn taran district","3477","8098186.0"
"uttarakhand","pithoragarh district","3465","5935297.0"
"madhya-pradesh","anuppur district","3436","5107306.0"
"jharkhand","dumka district","3425","4980184.0"
"himachal-pradesh","chamba district","3416","5892945.0"
"odisha","kandhamal district","3398","4418898.0"
"arunachal-pradesh","papum pare district","3392","7643400.0"
"punjab","mansa district","3384","4848702.0"
"assam","dhemaji district","3382","6675847.0"
"uttarakhand","almora district","3373","6136589.0"
"assam","hailakandi district","3373","6082604.0"
"uttar-pradesh","banda district","3338","5243550.0"
"bihar","kaimur bhabua district","3303","4929058.0"
"gujarat","gir somnath district","3263","4897487.0"
"uttar-pradesh","balrampur district","3246","5474416.0"
"telangana","jaya shankar bhalupally district","3238","4100342.0"
"uttar-pradesh","lalitpur district","3198","5221649.0"
"chhattisgarh","surajpur district","3182","5799292.0"
"uttar-pradesh","kaushambi district","3152","5198021.0"
"west-bengal","cooch behar district","3146","3926908.0"
"rajasthan","sri ganganagar district","3142","6972365.0"
"odisha","gajapati district","3139","3868039.0"
"chhattisgarh","kanker district","3133","4800518.0"
"chhattisgarh","dhamtari district","3128","5097618.0"
"rajasthan","kotputli behror district","3115","4809549.0"
"bihar","purnea district","3097","4617985.0"
"jammu-&-kashmir","baramulla district","3084","6998606.0"
"nagaland","dimapur district","3051","5469110.0"
"chhattisgarh","balod district","3045","4634060.0"
"chhattisgarh","korea district","3034","5032304.0"
"punjab","firozepur district","3027","5612425.0"
"assam","charaideo district","3015","5681994.0"
"jharkhand","koderma district","3005","4035974.0"
"gujarat","aravallis district","2985","4298745.0"
"andhra-pradesh","ananthapuramu district","2982","5131292.0"
"jharkhand","chatra district","2973","3873048.0"
"karnataka","chikkaballapur district","2966","5467687.0"
"madhya-pradesh","damoh district","2953","3689792.0"
"gujarat","porbandar district","2910","4271474.0"
"jharkhand","latehar district","2900","3422675.0"
"andhra-pradesh","eluru district","2897","4276326.0"
"himachal-pradesh","kullu district","2885","5507406.0"
"telangana","wanaparthy district","2880","3350371.0"
"gujarat","tapi district","2864","5643421.0"
"jammu-&-kashmir","pulwama district","2823","6243852.0"
"jharkhand","seraikela kharsawan district","2816","3662032.0"
"rajasthan","pratapgarh district","2795","4657103.0"
"chhattisgarh","jashpur district","2784","4744665.0"
"puducherry","karaikal district","2772","3970319.0"
"punjab","fatehgarh sahib district","2750","5216122.0"
"uttar-pradesh","hamirpur district","2744","4430474.0"
"madhya-pradesh","harda district","2712","4445457.0"
"odisha","malkangiri district","2692","3729491.0"
"tamil-nadu","perambalur district","2686","3830803.0"
"bihar","sheikhpura district","2675","3484926.0"
"telangana","peddapalli district","2660","4128084.0"
"telangana","warangal district","2653","3374158.0"
"karnataka","vijayanagara district","2620","3811659.0"
"madhya-pradesh","datia district","2599","4132627.0"
"ladakh","leh ladakh district","2598","6025872.0"
"assam","chirang district","2593","4038732.0"
"madhya-pradesh","panna district","2579","3903395.0"
"jharkhand","gumla district","2575","4137898.0"
"bihar","arwal district","2527","3464754.0"
"gujarat","devbhumi dwarka district","2524","4308085.0"
"jammu-&-kashmir","rajouri district","2514","5246253.0"
"mizoram","aizawl district","2493","3348153.0"
"gujarat","banaskantha district","2479","4398547.0"
"chhattisgarh","bemetara district","2472","3746980.0"
"punjab","moga district","2425","5415232.0"
"bihar","sheohar district","2424","2654384.0"
"jharkhand","sahebganj district","2404","3098462.0"
"sikkim","east district","2394","5123409.0"
"chhattisgarh","kabirdham district","2392","3337771.0"
"andhra-pradesh","palnadu district","2377","3002950.0"
"meghalaya","west garo hills district","2364","4853139.0"
"andhra-pradesh","annamayya district","2353","4154707.0"
"uttarakhand","chamoli district","2347","4647334.0"
"madhya-pradesh","dindori district","2344","3314144.0"
"madhya-pradesh","tikamgarh district","2334","3271429.0"
"tripura","gomati district","2333","3115513.0"
"madhya-pradesh","burhanpur district","2332","3472982.0"
"odisha","jajpur district","2326","3127988.0"
"himachal-pradesh","bilaspur district","2314","4801907.0"
"odisha","baleswar district","2304","2948852.0"
"tamil-nadu","thoothukudi district","2298","3421444.0"
"chhattisgarh","dantewada district","2286","3724335.0"
"odisha","nuapada district","2279","3630561.0"
"uttar-pradesh","chitrakoot district","2264","3865568.0"
"uttar-pradesh","mahoba district","2255","3687916.0"
"jharkhand","khunti district","2249","3565933.0"
"tripura","north tripura district","2244","3378715.0"
"rajasthan","jodhpur rural district","2190","4252785.0"
"jharkhand","lohardaga district","2183","2461328.0"
"jammu-&-kashmir","kupwara district","2182","4929005.0"
"tripura","south tripura district","2180","2904411.0"
"chhattisgarh","kondagaon district","2173","3241342.0"
"punjab","faridkot district","2119","3913929.0"
"telangana","mulugu district","2114","2538916.0"
"jammu-&-kashmir","reasi district","2111","4010071.0"
"andhra-pradesh","dr br ambedkar konaseema district","2085","2853176.0"
"rajasthan","neem ka thana district","2078","3492356.0"
"telangana","narayanpet district","2053","2473096.0"
"punjab","sri muktsar sahib district","2046","4487627.0"
"madhya-pradesh","umaria district","2035","2839772.0"
"madhya-pradesh","agar malwa district","2024","2747868.0"
"chhattisgarh","balrampur district","2007","3057912.0"
"tripura","sepahijala district","1995","2803639.0"
"gujarat","mahisagar district","1977","3183065.0"
"andhra-pradesh","bapatla district","1972","2896764.0"
"jharkhand","pakur district","1858","2247870.0"
"jharkhand","simdega district","1849","2795617.0"
"jammu-&-kashmir","doda district","1841","4059664.0"
"jharkhand","hazaribag district","1834","2782279.0"
"gujarat","botad district","1825","2652713.0"
"odisha","sonepur district","1820","2250048.0"
"madhya-pradesh","ashoknagar district","1806","2986952.0"
"andhra-pradesh","sri sathyasai district","1800","3249831.0"
"uttar-pradesh","raebareli district","1777","2948657.0"
"jharkhand","jamtara district","1768","2346904.0"
"chhattisgarh","gariyaband district","1738","1947881.0"
"uttarakhand","champawat district","1691","2956017.0"
"rajasthan","deedwana kuchaman district","1682","3385360.0"
"jammu-&-kashmir","poonch district","1680","3587237.0"
"haryana","nuh district","1669","2430276.0"
"uttarakhand","uttarkashi district","1657","2831421.0"
"maharashtra","dharashiv district","1641","3654058.0"
"tripura","dhalai district","1612","2439681.0"
"uttar-pradesh","bagpat district","1591","2811880.0"
"madhya-pradesh","alirajpur district","1571","1747301.0"
"odisha","boudh district","1563","2022638.0"
"jammu-&-kashmir","kulgam district","1560","3901362.0"
"madhya-pradesh","narmadapuram district","1544","3033744.0"
"karnataka","chamarajanagar district","1534","2775533.0"
"andhra-pradesh","nandyal district","1526","2487189.0"
"gujarat","narmada district","1469","2508991.0"
"chhattisgarh","mungeli district","1465","1819088.0"
"madhya-pradesh","sheopur district","1455","2155662.0"
"rajasthan","beawar district","1431","2247229.0"
"madhya-pradesh","niwari district","1427","2481972.0"
"punjab","barnala district","1410","3091314.0"
"karnataka","yadgiri district","1367","2070936.0"
"chhattisgarh","bijapur district","1362","2035297.0"
"assam","dima hasao district","1355","2627610.0"
"tripura","unakoti district","1335","1935450.0"
"uttarakhand","rudraprayag district","1329","2455104.0"
"tamil-nadu","tiruvarur district","1324","1716378.0"
"jammu-&-kashmir","ganderbal district","1312","2260155.0"
"uttar-pradesh","lakhimpur kheri district","1290","2092844.0"
"punjab","shahid bhagat singh nagar district","1285","2528956.0"
"uttar-pradesh","barabanki district","1281","2230112.0"
"chhattisgarh","sukma district","1280","1792924.0"
"telangana","mahabubnagar district","1280","2326985.0"
"jammu-&-kashmir","kishtwar district","1277","2565978.0"
"uttar-pradesh","shravasti district","1274","1957060.0"
"jammu-&-kashmir","shopian district","1269","2777631.0"
"rajasthan","balotra district","1241","1961985.0"
"tripura","khowai district","1237","1750262.0"
"west-bengal","kalimpong district","1236","2595786.0"
"andaman-&-nicobar-islands","north and middle andaman district","1217","2233920.0"
"gujarat","chhotaudepur district","1207","1854035.0"
"odisha","jagatsinghpur district","1203","1605823.0"
"uttarakhand","bageshwar district","1195","1974588.0"
"gujarat","panchmahals district","1183","1991045.0"
"tamil-nadu","mayiladuthurai district","1168","1649504.0"
"tamil-nadu","kallakurichi district","1147","1592658.0"
"manipur","imphal west district","1143","2240305.0"
"rajasthan","anupgarh district","1095","2562334.0"
"odisha","deogarh district","1060","1407960.0"
"jammu-&-kashmir","bandipore district","1055","2542483.0"
"gujarat","sabarkantha district","1025","1922606.0"
"madhya-pradesh","khandwa district","1021","1852743.0"
"arunachal-pradesh","west kameng district","1019","2455005.0"
"meghalaya","ribhoi district","1011","1712093.0"
"rajasthan","gangapur city district","989","1298922.0"
"jammu-&-kashmir","ramban district","980","2342438.0"
"chhattisgarh","balodabazar bhatapara district","972","1391820.0"
"assam","south salmara mancachar district","967","1269564.0"
"gujarat","dahod district","955","1571136.0"
"puducherry","mahe district","919","1410372.0"
"chhattisgarh","narayanpur district","890","1422209.0"
"assam","majuli district","851","1524064.0"
"rajasthan","sanchore district","844","2015236.0"
"uttar-pradesh","sant kabir nagar district","818","1559987.0"
"andhra-pradesh","parvathipuram manyam district","813","919941.0"
"rajasthan","deeg district","796","1207644.0"
"chhattisgarh","north bastar kanker district","755","1641731.0"
"manipur","imphal east district","755","1346809.0"
"madhya-pradesh","maihar district","751","1213625.0"
"bihar","kaimur district","747","1313726.0"
"ladakh","kargil district","740","1782461.0"
"assam","morigaon district","718","1224112.0"
"arunachal-pradesh","tawang district","697","1699754.0"
"punjab","ferozepur district","692","1474993.0"
"arunachal-pradesh","east siang district","680","1552793.0"
"sikkim","south district","668","1345333.0"
"telangana","jayashankar bhupalpally district","662","1155142.0"
"jharkhand","sahibganj district","640","801745.0"
"andhra-pradesh","alluri sitharama raju district","637","757855.0"
"rajasthan","shahpura district","635","1098305.0"
"gujarat","aravalli district","631","1234202.0"
"himachal-pradesh","kinnaur district","617","1576297.0"
"arunachal-pradesh","changlang district","615","1349883.0"
"rajasthan","phalodi district","569","1057941.0"
"puducherry","yanam district","565","806968.0"
"assam","west karbi anglong district","557","918427.0"
"nagaland","kohima district","527","1045998.0"
"sikkim","gangtok district","517","1104523.0"
"rajasthan","kekri district","513","766547.0"
"lakshadweep","lakshadweep district","496","624037.0"
"andaman-&-nicobar-islands","nicobars district","492","903968.0"
"meghalaya","east jaintia hills district","486","724456.0"
"sikkim","west district","466","1210611.0"
"chhattisgarh","balrampur ramanujganj district","463","836256.0"
"chhattisgarh","sakti district","461","924819.0"
"arunachal-pradesh","itanagar capital complex district","458","1151584.0"
"arunachal-pradesh","lohit district","452","956042.0"
"arunachal-pradesh","west siang district","444","1134069.0"
"meghalaya","east garo hills district","423","1155173.0"
"gujarat","the dangs district","423","799484.0"
"chhattisgarh","manendragarh chirmiri bharatpur district","422","811060.0"
"chhattisgarh","sarangarh bilaigarh district","408","590521.0"
"rajasthan","dudu district","406","634830.0"
"madhya-pradesh","pandhurna district","394","650844.0"
"arunachal-pradesh","namsai district","390","918158.0"
"rajasthan","salumber district","388","634658.0"
"arunachal-pradesh","lower dibang valley district","388","811263.0"
"chhattisgarh","gariaband district","377","490486.0"
"odisha","subarnapur district","373","577210.0"
"meghalaya","south garo hills district","373","864109.0"
"arunachal-pradesh","tirap district","362","972015.0"
"meghalaya","north garo hills district","350","769206.0"
"madhya-pradesh","mauganj district","326","520778.0"
"meghalaya","ri bhoi district","320","600988.0"
"sikkim","north district","308","792953.0"
"assam","south salmara mankachar district","307","423203.0"
"nagaland","mokokchung district","300","868456.0"
"mizoram","lunglei district","297","480931.0"
"punjab","shaheed bhagat singh nagar district","287","665296.0"
"meghalaya","south west garo hills district","281","625392.0"
"manipur","kangpokpi district","275","583553.0"
"manipur","thoubal district","267","417634.0"
"dadra-&-nagar-haveli-&-daman-&-diu","diu district","266","691905.0"
"manipur","churachandpur district","265","508139.0"
"manipur","bishnupur district","260","481471.0"
"arunachal-pradesh","lower subansiri district","260","477724.0"
"mizoram","lawngtlai district","244","424136.0"
"chhattisgarh","gaurela pendra marwahi district","232","308684.0"
"assam","bajali district","231","404737.0"
"meghalaya","west jaintia hills district","226","580985.0"
"chhattisgarh","khairagarh chhuikhadan gandai district","218","344276.0"
"mizoram","kolasib district","207","362339.0"
"nagaland","mon district","205","524475.0"
"assam","tamulpur district","203","320318.0"
"sikkim","pakyong district","198","470636.0"
"jammu-&-kashmir","mirpur district","192","398939.0"
"himachal-pradesh","lahul and spiti district","192","551206.0"
"punjab","malerkotla district","171","262193.0"
"mizoram","serchhip district","170","328199.0"
"arunachal-pradesh","east kameng district","168","236464.0"
"chhattisgarh","mohla manpur ambagarh chouki district","167","306493.0"
"arunachal-pradesh","upper subansiri district","160","295340.0"
"nagaland","chumoukedima district","152","271542.0"
"nagaland","wokha district","145","260735.0"
"meghalaya","west khasi hills district","144","314313.0"
"mizoram","mamit district","140","237125.0"
"arunachal-pradesh","upper siang district","135","339143.0"
"andaman-&-nicobar-islands","nicobar district","128","205233.0"
"manipur","jiribam district","127","288585.0"
"sikkim","namchi district","119","291281.0"
"arunachal-pradesh","lower siang district","117","302752.0"
"manipur","kakching district","115","197506.0"
"sikkim","mangan district","111","256142.0"
"manipur","senapati district","103","232635.0"
"manipur","ukhrul district","102","208628.0"
"manipur","chandel district","100","218193.0"
"arunachal-pradesh","longding district","97","296971.0"
"mizoram","champhai district","96","129859.0"
"gujarat","dangs district","95","265732.0"
"nagaland","tuensang district","93","215151.0"
"manipur","tengnoupal district","90","185003.0"
"nagaland","phek district","81","146081.0"
"arunachal-pradesh","lepa rada district","77","227910.0"
"manipur","tamenglong district","74","160223.0"
"himachal-pradesh","lahaul and spiti district","73","191488.0"
"nagaland","peren district","71","138761.0"
"sikkim","gyalshing district","69","177015.0"
"arunachal-pradesh","siang district","58","143415.0"
"nagaland","zunheboto district","56","101576.0"
"arunachal-pradesh","anjaw district","54","129344.0"
"sikkim","soreng district","46","111481.0"
"meghalaya","south west khasi hills district","43","98067.0"
"mizoram","saiha district","42","93931.0"
"arunachal-pradesh","kurung kumey district","38","51040.0"
"arunachal-pradesh","kamle district","38","56301.0"
"manipur","noney district","37","60351.0"
"arunachal-pradesh","pakke kessang district","37","58460.0"
"nagaland","kiphire district","30","48222.0"
"arunachal-pradesh","dibang valley district","29","79003.0"
"arunachal-pradesh","kra daadi district","28","26017.0"
"nagaland","longleng district","24","41475.0"
"jammu-&-kashmir","muzaffarabad district","23","43140.0"
"arunachal-pradesh","shi yomi district","21","56905.0"
"mizoram","siaha district","21","29959.0"
"manipur","kamjong district","15","21323.0"
"meghalaya","eastern west khasi hills district","12","22023.0"
"mizoram","saitual district","9","19861.0"
"nagaland","noklak district","5","5427.0"
"mizoram","khawzawl district","3","8037.0"
"nagaland","tseminyu district","3","8073.0"
"manipur","pherzawl district","3","96.0"
"nagaland","shamator district","2","11535.0"
"mizoram","hnahthial district","2","62.0"
