"state","district","total_insurance_transactions"
"karnataka","bengaluru urban district","1117691"
"maharashtra","pune district","396173"
"maharashtra","thane district","260578"
"tamil-nadu","chennai district","251081"
"maharashtra","mumbai suburban district","211311"
"telangana","rangareddy district","206714"
"telangana","medchal malkajgiri district","178028"
"rajasthan","jaipur district","177296"
"telangana","hyderabad district","169470"
"haryana","gurugram district","168368"
"west-bengal","north twenty four parganas district","155839"
"kerala","ernakulam district","146403"
"west-bengal","kolkata district","142018"
"tamil-nadu","chengalpattu district","126679"
"maharashtra","nagpur district","125525"
"andhra-pradesh","visakhapatnam district","125230"
"tamil-nadu","coimbatore district","119765"
"tamil-nadu","thiruvallur district","119177"
"gujarat","surat district","119086"
"uttar-pradesh","ghaziabad district","116789"
"bihar","patna district","116594"
"gujarat","ahmadabad district","114972"
"uttar-pradesh","gautam buddha nagar district","106329"
"kerala","thiruvananthapuram district","103428"
"madhya-pradesh","indore district","102655"
"karnataka","mysuru district","96921"
"delhi","west district","92609"
"kerala","malappuram district","89482"
"kerala","kozhikode district","88360"
"maharashtra","nashik district","85983"
"haryana","faridabad district","83357"
"uttar-pradesh","lucknow district","80028"
"maharashtra","mumbai district","79243"
"andhra-pradesh","krishna district","77040"
"delhi","new delhi district","71428"
"tamil-nadu","kancheepuram district","70770"
"odisha","khordha district","70467"
"andhra-pradesh","guntur district","67484"
"maharashtra","raigad district","67398"
"delhi","central district","65915"
"delhi","north west district","65289"
"delhi","south east delhi district","65167"
"tamil-nadu","tiruppur district","63554"
"kerala","thrissur district","63301"
"andhra-pradesh","east godavari district","63018"
"maharashtra","solapur district","62562"
"maharashtra","palghar district","61357"
"assam","kamrup metropolitan district","60952"
"karnataka","belagavi district","60197"
"uttar-pradesh","kanpur nagar district","59197"
"kerala","kollam district","58628"
"west-bengal","howrah district","58495"
"delhi","south west district","58465"
"karnataka","dharwad district","58103"
"west-bengal","south twenty four parganas district","57775"
"andhra-pradesh","chittoor district","57729"
"jharkhand","ranchi district","55193"
"madhya-pradesh","bhopal district","54989"
"delhi","north district","52125"
"kerala","alappuzha district","51642"
"west-bengal","hooghly district","49809"
"kerala","kannur district","49801"
"jharkhand","east singhbhum district","48945"
"karnataka","dakshina kannada district","47915"
"tamil-nadu","madurai district","47820"
"delhi","south district","47198"
"uttar-pradesh","meerut district","46610"
"karnataka","bengaluru rural district","46537"
"west-bengal","paschim bardhaman district","46412"
"telangana","sangareddy district","46331"
"chhattisgarh","raipur district","45705"
"delhi","east district","44883"
"kerala","palakkad district","44102"
"maharashtra","aurangabad district","43610"
"uttarakhand","dehradun district","42243"
"karnataka","tumakuru district","42091"
"kerala","kottayam district","41259"
"maharashtra","ahmednagar district","41202"
"andhra-pradesh","spsr nellore district","40440"
"rajasthan","alwar district","39359"
"andhra-pradesh","west godavari district","39263"
"uttar-pradesh","prayagraj district","39204"
"karnataka","ballari district","38364"
"karnataka","shivamogga district","37954"
"delhi","shahdara district","37370"
"delhi","north east district","36775"
"jharkhand","dhanbad district","36544"
"tamil-nadu","krishnagiri district","36502"
"tamil-nadu","salem district","36285"
"west-bengal","paschim medinipur district","35829"
"karnataka","davanagere district","35625"
"gujarat","vadodara district","35567"
"andhra-pradesh","prakasam district","35336"
"maharashtra","kolhapur district","35161"
"rajasthan","jodhpur district","34431"
"karnataka","kalaburagi district","34009"
"haryana","rewari district","33946"
"punjab","sas nagar district","33903"
"bihar","muzaffarpur district","33547"
"uttar-pradesh","gorakhpur district","32824"
"telangana","warangal urban district","32713"
"andhra-pradesh","ysr district","32574"
"west-bengal","nadia district","32197"
"goa","north goa district","32008"
"west-bengal","purba bardhaman district","31975"
"andhra-pradesh","anantapur district","31841"
"punjab","ludhiana district","30998"
"uttar-pradesh","agra district","30962"
"gujarat","ahmedabad district","30452"
"maharashtra","jalgaon district","29797"
"karnataka","hassan district","29507"
"uttar-pradesh","varanasi district","29425"
"madhya-pradesh","gwalior district","29286"
"haryana","sonipat district","28796"
"karnataka","vijayapura district","28483"
"west-bengal","purba medinipur district","28263"
"rajasthan","sikar district","27916"
"goa","south goa district","27864"
"uttar-pradesh","moradabad district","27851"
"gujarat","rajkot district","27739"
"andhra-pradesh","kurnool district","27527"
"west-bengal","murshidabad district","27270"
"tamil-nadu","tiruchirappalli district","27158"
"uttar-pradesh","bareilly district","27013"
"tamil-nadu","erode district","27010"
"rajasthan","kota district","26607"
"karnataka","ramanagara district","26540"
"west-bengal","maldah district","26376"
"chhattisgarh","durg district","26319"
"maharashtra","satara district","26287"
"maharashtra","amravati district","25978"
"west-bengal","darjiling district","25950"
"haryana","hisar district","25844"
"karnataka","uttara kannada district","25774"
"odisha","cuttack district","25716"
"gujarat","kachchh district","25566"
"kerala","idukki district","25518"
"gujarat","gandhinagar district","25352"
"karnataka","kolar district","24869"
"gujarat","valsad district","24779"
"jammu-&-kashmir","jammu district","24549"
"andhra-pradesh","vizianagaram district","24529"
"madhya-pradesh","jabalpur district","24476"
"bihar","vaishali district","24447"
"jharkhand","bokaro district","24275"
"maharashtra","latur district","24255"
"karnataka","mandya district","24236"
"uttar-pradesh","gautambuddha nagar district","23958"
"haryana","jhajjar district","23780"
"puducherry","puducherry district","23684"
"rajasthan","udaipur district","23403"
"maharashtra","nanded district","23301"
"odisha","ganjam district","22938"
"gujarat","bharuch district","22768"
"rajasthan","jhunjhunu district","22737"
"telangana","nalgonda district","22613"
"uttarakhand","haridwar district","22513"
"andhra-pradesh","srikakulam district","22134"
"karnataka","udupi district","22113"
"chandigarh","chandigarh district","22079"
"uttar-pradesh","saharanpur district","22005"
"maharashtra","chandrapur district","21532"
"haryana","panipat district","21237"
"kerala","pathanamthitta district","20856"
"maharashtra","sangli district","20694"
"bihar","samastipur district","20682"
"rajasthan","ajmer district","20546"
"telangana","khammam district","20516"
"odisha","sundargarh district","20441"
"bihar","bhagalpur district","20349"
"uttar-pradesh","bulandshahr district","20348"
"uttarakhand","udham singh nagar district","20232"
"telangana","karimnagar district","20178"
"bihar","begusarai district","19825"
"kerala","wayanad district","19814"
"bihar","saran district","19550"
"haryana","rohtak district","19489"
"telangana","bhadradri kothagudem district","19210"
"karnataka","bidar district","19208"
"uttar-pradesh","jhansi district","19089"
"bihar","gaya district","19082"
"tamil-nadu","cuddalore district","19062"
"karnataka","raichur district","18705"
"chhattisgarh","bilaspur district","18665"
"uttar-pradesh","aligarh district","18610"
"uttar-pradesh","mathura district","18571"
"bihar","darbhanga district","17959"
"uttar-pradesh","muzaffarnagar district","17856"
"bihar","purbi champaran district","17797"
"haryana","karnal district","17549"
"haryana","bhiwani district","17482"
"kerala","kasaragod district","17376"
"karnataka","bagalkote district","16948"
"tamil-nadu","dindigul district","16903"
"rajasthan","bhilwara district","16893"
"karnataka","chikkamagaluru district","16881"
"rajasthan","ganganagar district","16776"
"tamil-nadu","thanjavur district","16525"
"telangana","mancherial district","16154"
"rajasthan","bikaner district","16097"
"tamil-nadu","tirunelveli district","16033"
"maharashtra","beed district","15992"
"madhya-pradesh","ujjain district","15910"
"haryana","mahendragarh district","15879"
"bihar","madhubani district","15713"
"tamil-nadu","namakkal district","15626"
"karnataka","chitradurga district","15613"
"haryana","palwal district","15595"
"punjab","amritsar district","15496"
"west-bengal","bankura district","15467"
"delhi","south east district","15290"
"punjab","jalandhar district","15286"
"west-bengal","birbhum district","15240"
"west-bengal","jalpaiguri district","15127"
"rajasthan","barmer district","15103"
"assam","dibrugarh district","15084"
"tamil-nadu","vellore district","14995"
"telangana","nizamabad district","14912"
"haryana","ambala district","14902"
"uttar-pradesh","bijnor district","14872"
"uttar-pradesh","azamgarh district","14743"
"himachal-pradesh","kangra district","14682"
"maharashtra","buldhana district","14504"
"tamil-nadu","kanniyakumari district","14469"
"tamil-nadu","tiruvallur district","14397"
"bihar","nalanda district","14396"
"rajasthan","nagaur district","14310"
"tamil-nadu","viluppuram district","14282"
"rajasthan","pali district","14274"
"odisha","kendujhar district","14273"
"rajasthan","hanumangarh district","14161"
"assam","sonitpur district","14005"
"uttar-pradesh","jaunpur district","13620"
"uttarakhand","nainital district","13593"
"west-bengal","uttar dinajpur district","13551"
"uttar-pradesh","hapur district","13426"
"bihar","katihar district","13357"
"west-bengal","koch bihar district","13188"
"madhya-pradesh","dhar district","13105"
"bihar","siwan district","13069"
"telangana","peddapalle district","13046"
"gujarat","mahesana district","12947"
"assam","barpeta district","12874"
"maharashtra","dhule district","12871"
"madhya-pradesh","rewa district","12765"
"assam","nagaon district","12758"
"himachal-pradesh","solan district","12754"
"bihar","pashchim champaran district","12740"
"karnataka","chikkaballapura district","12686"
"gujarat","bhavnagar district","12667"
"maharashtra","ratnagiri district","12615"
"tamil-nadu","tiruvannamalai district","12543"
"chhattisgarh","korba district","12456"
"telangana","suryapet district","12453"
"maharashtra","yavatmal district","12420"
"odisha","anugul district","12385"
"tripura","west tripura district","12256"
"karnataka","haveri district","12238"
"haryana","jind district","11965"
"haryana","panchkula district","11956"
"andhra-pradesh","ntr district","11933"
"rajasthan","bharatpur district","11907"
"uttar-pradesh","ghazipur district","11844"
"madhya-pradesh","dewas district","11781"
"chhattisgarh","raigarh district","11647"
"rajasthan","churu district","11625"
"bihar","rohtas district","11416"
"west-bengal","purulia district","11410"
"assam","kamrup district","11409"
"maharashtra","jalna district","11344"
"madhya-pradesh","chhindwara district","11340"
"haryana","yamunanagar district","11336"
"madhya-pradesh","satna district","11322"
"bihar","purnia district","11267"
"madhya-pradesh","singrauli district","11214"
"haryana","sirsa district","11165"
"andaman-&-nicobar-islands","south andaman district","11160"
"madhya-pradesh","sagar district","11077"
"punjab","patiala district","10984"
"punjab","bathinda district","10895"
"tamil-nadu","virudhunagar district","10856"
"gujarat","banas kantha district","10851"
"odisha","mayurbhanj district","10797"
"odisha","sambalpur district","10789"
"bihar","sitamarhi district","10759"
"uttar-pradesh","deoria district","10719"
"rajasthan","jalore district","10688"
"uttar-pradesh","ballia district","10622"
"tamil-nadu","ranipet district","10568"
"haryana","kurukshetra district","10544"
"uttar-pradesh","sonbhadra district","10437"
"assam","tinsukia district","10433"
"karnataka","koppal district","10404"
"jharkhand","saraikela kharsawan district","10388"
"uttar-pradesh","kushinagar district","10343"
"maharashtra","wardha district","10280"
"tamil-nadu","dharmapuri district","10271"
"tamil-nadu","theni district","10264"
"telangana","siddipet district","10244"
"jharkhand","palamu district","10239"
"bihar","bhojpur district","10192"
"uttar-pradesh","pratapgarh district","10101"
"odisha","baleshwar district","10071"
"rajasthan","chittorgarh district","10067"
"odisha","puri district","9936"
"uttar-pradesh","ayodhya district","9913"
"rajasthan","dausa district","9881"
"karnataka","kodagu district","9855"
"telangana","jagtial district","9736"
"assam","cachar district","9563"
"assam","jorhat district","9512"
"bihar","munger district","9486"
"maharashtra","parbhani district","9481"
"maharashtra","akola district","9381"
"bihar","gopalganj district","9359"
"odisha","jajapur district","9346"
"dadra-&-nagar-haveli-&-daman-&-diu","dadra and nagar haveli district","9185"
"maharashtra","bhandara district","9104"
"gujarat","jamnagar district","9094"
"tamil-nadu","thoothukkudi district","9072"
"bihar","aurangabad district","9065"
"uttar-pradesh","basti district","9039"
"uttar-pradesh","amroha district","8907"
"maharashtra","osmanabad district","8845"
"odisha","koraput district","8795"
"west-bengal","alipurduar district","8782"
"karnataka","gadag district","8692"
"odisha","jharsuguda district","8601"
"haryana","kaithal district","8518"
"madhya-pradesh","betul district","8477"
"telangana","yadadri bhuvanagiri district","8466"
"tamil-nadu","nagapattinam district","8453"
"jharkhand","ramgarh district","8448"
"uttar-pradesh","shahjahanpur district","8439"
"punjab","hoshiarpur district","8362"
"uttar-pradesh","etawah district","8311"
"uttar-pradesh","shamli district","8305"
"maharashtra","sindhudurg district","8256"
"uttar-pradesh","sultanpur district","8109"
"tamil-nadu","tirupathur district","8101"
"uttar-pradesh","rampur district","8081"
"gujarat","anand district","8080"
"rajasthan","sirohi district","8072"
"jammu-&-kashmir","srinagar district","8058"
"tamil-nadu","sivaganga district","7999"
"madhya-pradesh","ratlam district","7986"
"tamil-nadu","karur district","7984"
"chhattisgarh","janjgir champa district","7978"
"uttar-pradesh","unnao district","7952"
"odisha","rayagada district","7871"
"telangana","kamareddy district","7798"
"punjab","pathankot district","7764"
"maharashtra","gondia district","7753"
"andhra-pradesh","tirupati district","7686"
"uttar-pradesh","maharajganj district","7666"
"uttar-pradesh","firozabad district","7633"
"madhya-pradesh","balaghat district","7588"
"tamil-nadu","the nilgiris district","7543"
"assam","dhubri district","7474"
"bihar","saharsa district","7464"
"haryana","fatehabad district","7449"
"gujarat","kheda district","7421"
"west-bengal","malda district","7335"
"uttar-pradesh","mau district","7298"
"uttar-pradesh","hardoi district","7278"
"madhya-pradesh","sehore district","7249"
"uttar-pradesh","baghpat district","7246"
"madhya-pradesh","khargone district","7199"
"maharashtra","nandurbar district","7179"
"rajasthan","sawai madhopur district","7166"
"tamil-nadu","tenkasi district","7136"
"bihar","araria district","7120"
"maharashtra","chhatrapati sambhaji nagar district","7098"
"assam","lakhimpur district","7080"
"odisha","bhadrak district","7038"
"rajasthan","rajsamand district","7035"
"rajasthan","tonk district","6997"
"telangana","mahbubnagar district","6961"
"uttarakhand","pauri garhwal district","6938"
"west-bengal","dakshin dinajpur district","6891"
"telangana","nirmal district","6839"
"jharkhand","hazaribagh district","6807"
"odisha","dhenkanal district","6794"
"jharkhand","deoghar district","6746"
"haryana","mewat district","6746"
"uttar-pradesh","rae bareli district","6733"
"uttar-pradesh","fatehpur district","6720"
"odisha","balangir district","6643"
"rajasthan","jaisalmer district","6641"
"gujarat","navsari district","6629"
"bihar","khagaria district","6607"
"madhya-pradesh","katni district","6556"
"uttar-pradesh","sitapur district","6555"
"tamil-nadu","pudukkottai district","6554"
"bihar","nawada district","6470"
"tamil-nadu","ramanathapuram district","6457"
"uttar-pradesh","gonda district","6446"
"assam","darrang district","6445"
"west-bengal","darjeeling district","6430"
"rajasthan","jaipur rural district","6403"
"madhya-pradesh","raisen district","6400"
"uttar-pradesh","mirzapur district","6399"
"jharkhand","giridih district","6388"
"odisha","kalahandi district","6359"
"chhattisgarh","rajnandgaon district","6358"
"assam","karimganj district","6325"
"uttar-pradesh","siddharthnagar district","6291"
"bihar","buxar district","6289"
"bihar","madhepura district","6280"
"assam","bongaigaon district","6257"
"gujarat","morbi district","6226"
"bihar","supaul district","6213"
"uttar-pradesh","mainpuri district","6182"
"haryana","charkhi dadri district","6166"
"assam","goalpara district","6154"
"madhya-pradesh","morena district","6144"
"uttar-pradesh","budaun district","6106"
"uttar-pradesh","amethi district","6069"
"gujarat","patan district","6058"
"bihar","banka district","6035"
"madhya-pradesh","hoshangabad district","6025"
"telangana","medak district","5921"
"rajasthan","jhalawar district","5913"
"chhattisgarh","bastar district","5907"
"assam","golaghat district","5891"
"madhya-pradesh","mandsaur district","5831"
"uttar-pradesh","chandauli district","5749"
"telangana","rajanna sircilla district","5748"
"madhya-pradesh","seoni district","5726"
"odisha","jagatsinghapur district","5667"
"uttar-pradesh","jalaun district","5658"
"gujarat","surendranagar district","5657"
"rajasthan","bundi district","5624"
"odisha","bargarh district","5607"
"telangana","mahabubabad district","5587"
"assam","kokrajhar district","5581"
"andhra-pradesh","sri potti sriramulu nellore district","5579"
"jharkhand","west singhbhum district","5576"
"gujarat","junagadh district","5567"
"karnataka","chamarajanagara district","5564"
"uttar-pradesh","ambedkar nagar district","5516"
"bihar","jamui district","5501"
"rajasthan","karauli district","5491"
"uttar-pradesh","kheri district","5463"
"madhya-pradesh","guna district","5443"
"telangana","warangal rural district","5393"
"himachal-pradesh","hamirpur district","5378"
"tamil-nadu","thiruvarur district","5377"
"uttar-pradesh","farrukhabad district","5343"
"chhattisgarh","surguja district","5340"
"assam","nalbari district","5277"
"madhya-pradesh","chhatarpur district","5270"
"gujarat","panch mahals district","5269"
"maharashtra","gadchiroli district","5238"
"assam","baksa district","5224"
"telangana","jangaon district","5209"
"karnataka","yadgir district","5194"
"punjab","sangrur district","5191"
"himachal-pradesh","sirmaur district","5190"
"andhra-pradesh","kakinada district","5174"
"assam","sivasagar district","5168"
"uttar-pradesh","bara banki district","5165"
"uttar-pradesh","bahraich district","5153"
"telangana","vikarabad district","5139"
"bihar","jehanabad district","5123"
"punjab","gurdaspur district","5108"
"uttar-pradesh","kanpur dehat district","5082"
"madhya-pradesh","sidhi district","5035"
"himachal-pradesh","mandi district","5022"
"odisha","kendrapara district","5017"
"madhya-pradesh","shahdol district","5011"
"assam","hojai district","4997"
"gujarat","sabar kantha district","4975"
"rajasthan","dholpur district","4967"
"rajasthan","baran district","4930"
"maharashtra","washim district","4924"
"telangana","nagarkurnool district","4919"
"himachal-pradesh","shimla district","4914"
"madhya-pradesh","rajgarh district","4871"
"tamil-nadu","kallakkurichi district","4856"
"rajasthan","banswara district","4841"
"uttar-pradesh","hathras district","4829"
"uttar-pradesh","auraiya district","4748"
"maharashtra","hingoli district","4666"
"telangana","adilabad district","4648"
"assam","biswanath district","4637"
"madhya-pradesh","vidisha district","4625"
"uttar-pradesh","sambhal district","4606"
"jharkhand","garhwa district","4580"
"jammu-&-kashmir","udhampur district","4547"
"madhya-pradesh","bhind district","4544"
"uttar-pradesh","kannauj district","4543"
"tamil-nadu","ariyalur district","4519"
"jammu-&-kashmir","kathua district","4487"
"madhya-pradesh","narsinghpur district","4474"
"bihar","kishanganj district","4472"
"jammu-&-kashmir","samba district","4463"
"uttar-pradesh","pilibhit district","4459"
"meghalaya","east khasi hills district","4428"
"punjab","kapurthala district","4424"
"jammu-&-kashmir","budgam district","4384"
"uttar-pradesh","etah district","4382"
"himachal-pradesh","una district","4353"
"dadra-&-nagar-haveli-&-daman-&-diu","daman district","4341"
"punjab","rupnagar district","4334"
"chhattisgarh","mahasamund district","4289"
"kerala","kasargod district","4265"
"assam","udalguri district","4237"
"telangana","hanumakonda district","4237"
"jharkhand","godda district","4219"
"punjab","fazilka district","4193"
"madhya-pradesh","neemuch district","4105"
"madhya-pradesh","shivpuri district","4090"
"rajasthan","dungarpur district","4022"
"uttar-pradesh","bhadohi district","4012"
"chhattisgarh","baloda bazar district","4007"
"jammu-&-kashmir","anantnag district","3984"
"assam","marigaon district","3980"
"madhya-pradesh","east nimar district","3951"
"assam","karbi anglong district","3949"
"telangana","jogulamba gadwal district","3917"
"madhya-pradesh","mandla district","3813"
"andhra-pradesh","anakapalli district","3810"
"madhya-pradesh","shajapur district","3800"
"uttarakhand","tehri garhwal district","3798"
"odisha","angul district","3762"
"madhya-pradesh","barwani district","3747"
"west-bengal","jhargram district","3704"
"telangana","kumuram bheem asifabad district","3702"
"odisha","nabarangpur district","3680"
"madhya-pradesh","jhabua district","3657"
"odisha","nayagarh district","3619"
"rajasthan","khairthal tijara district","3596"
"uttar-pradesh","sant kabeer nagar district","3594"
"bihar","lakhisarai district","3594"
"gujarat","amreli district","3568"
"uttar-pradesh","kasganj district","3549"
"gujarat","dohad district","3490"
"punjab","tarn taran district","3477"
"uttarakhand","pithoragarh district","3465"
"madhya-pradesh","anuppur district","3436"
"jharkhand","dumka district","3425"
"himachal-pradesh","chamba district","3416"
"odisha","kandhamal district","3398"
"arunachal-pradesh","papum pare district","3392"
"punjab","mansa district","3384"
"assam","dhemaji district","3382"
"uttarakhand","almora district","3373"
"assam","hailakandi district","3373"
"uttar-pradesh","banda district","3338"
"bihar","kaimur bhabua district","3303"
"gujarat","gir somnath district","3263"
"uttar-pradesh","balrampur district","3246"
"telangana","jaya shankar bhalupally district","3238"
"uttar-pradesh","lalitpur district","3198"
"chhattisgarh","surajpur district","3182"
"uttar-pradesh","kaushambi district","3152"
"west-bengal","cooch behar district","3146"
"rajasthan","sri ganganagar district","3142"
"odisha","gajapati district","3139"
"chhattisgarh","kanker district","3133"
"chhattisgarh","dhamtari district","3128"
"rajasthan","kotputli behror district","3115"
"bihar","purnea district","3097"
"jammu-&-kashmir","baramulla district","3084"
"nagaland","dimapur district","3051"
"chhattisgarh","balod district","3045"
"chhattisgarh","korea district","3034"
"punjab","firozepur district","3027"
"assam","charaideo district","3015"
"jharkhand","koderma district","3005"
"gujarat","aravallis district","2985"
"andhra-pradesh","ananthapuramu district","2982"
"jharkhand","chatra district","2973"
"karnataka","chikkaballapur district","2966"
"madhya-pradesh","damoh district","2953"
"gujarat","porbandar district","2910"
"jharkhand","latehar district","2900"
"andhra-pradesh","eluru district","2897"
"himachal-pradesh","kullu district","2885"
"telangana","wanaparthy district","2880"
"gujarat","tapi district","2864"
"jammu-&-kashmir","pulwama district","2823"
"jharkhand","seraikela kharsawan district","2816"
"rajasthan","pratapgarh district","2795"
"chhattisgarh","jashpur district","2784"
"puducherry","karaikal district","2772"
"punjab","fatehgarh sahib district","2750"
"uttar-pradesh","hamirpur district","2744"
"madhya-pradesh","harda district","2712"
"odisha","malkangiri district","2692"
"tamil-nadu","perambalur district","2686"
"bihar","sheikhpura district","2675"
"telangana","peddapalli district","2660"
"telangana","warangal district","2653"
"karnataka","vijayanagara district","2620"
"madhya-pradesh","datia district","2599"
"ladakh","leh ladakh district","2598"
"assam","chirang district","2593"
"madhya-pradesh","panna district","2579"
"jharkhand","gumla district","2575"
"bihar","arwal district","2527"
"gujarat","devbhumi dwarka district","2524"
"jammu-&-kashmir","rajouri district","2514"
"mizoram","aizawl district","2493"
"gujarat","banaskantha district","2479"
"chhattisgarh","bemetara district","2472"
"punjab","moga district","2425"
"bihar","sheohar district","2424"
"jharkhand","sahebganj district","2404"
"sikkim","east district","2394"
"chhattisgarh","kabirdham district","2392"
"andhra-pradesh","palnadu district","2377"
"meghalaya","west garo hills district","2364"
"andhra-pradesh","annamayya district","2353"
"uttarakhand","chamoli district","2347"
"madhya-pradesh","dindori district","2344"
"madhya-pradesh","tikamgarh district","2334"
"tripura","gomati district","2333"
"madhya-pradesh","burhanpur district","2332"
"odisha","jajpur district","2326"
"himachal-pradesh","bilaspur district","2314"
"odisha","baleswar district","2304"
"tamil-nadu","thoothukudi district","2298"
"chhattisgarh","dantewada district","2286"
"odisha","nuapada district","2279"
"uttar-pradesh","chitrakoot district","2264"
"uttar-pradesh","mahoba district","2255"
"jharkhand","khunti district","2249"
"tripura","north tripura district","2244"
"rajasthan","jodhpur rural district","2190"
"jharkhand","lohardaga district","2183"
"jammu-&-kashmir","kupwara district","2182"
"tripura","south tripura district","2180"
"chhattisgarh","kondagaon district","2173"
"punjab","faridkot district","2119"
"telangana","mulugu district","2114"
"jammu-&-kashmir","reasi district","2111"
"andhra-pradesh","dr br ambedkar konaseema district","2085"
"rajasthan","neem ka thana district","2078"
"telangana","narayanpet district","2053"
"punjab","sri muktsar sahib district","2046"
"madhya-pradesh","umaria district","2035"
"madhya-pradesh","agar malwa district","2024"
"chhattisgarh","balrampur district","2007"
"tripura","sepahijala district","1995"
"gujarat","mahisagar district","1977"
"andhra-pradesh","bapatla district","1972"
"jharkhand","pakur district","1858"
"jharkhand","simdega district","1849"
"jammu-&-kashmir","doda district","1841"
"jharkhand","hazaribag district","1834"
"gujarat","botad district","1825"
"odisha","sonepur district","1820"
"madhya-pradesh","ashoknagar district","1806"
"andhra-pradesh","sri sathyasai district","1800"
"uttar-pradesh","raebareli district","1777"
"jharkhand","jamtara district","1768"
"chhattisgarh","gariyaband district","1738"
"uttarakhand","champawat district","1691"
"rajasthan","deedwana kuchaman district","1682"
"jammu-&-kashmir","poonch district","1680"
"haryana","nuh district","1669"
"uttarakhand","uttarkashi district","1657"
"maharashtra","dharashiv district","1641"
"tripura","dhalai district","1612"
"uttar-pradesh","bagpat district","1591"
"madhya-pradesh","alirajpur district","1571"
"odisha","boudh district","1563"
"jammu-&-kashmir","kulgam district","1560"
"madhya-pradesh","narmadapuram district","1544"
"karnataka","chamarajanagar district","1534"
"andhra-pradesh","nandyal district","1526"
"gujarat","narmada district","1469"
"chhattisgarh","mungeli district","1465"
"madhya-pradesh","sheopur district","1455"
"rajasthan","beawar district","1431"
"madhya-pradesh","niwari district","1427"
"punjab","barnala district","1410"
"karnataka","yadgiri district","1367"
"chhattisgarh","bijapur district","1362"
"assam","dima hasao district","1355"
"tripura","unakoti district","1335"
"uttarakhand","rudraprayag district","1329"
"tamil-nadu","tiruvarur district","1324"
"jammu-&-kashmir","ganderbal district","1312"
"uttar-pradesh","lakhimpur kheri district","1290"
"punjab","shahid bhagat singh nagar district","1285"
"uttar-pradesh","barabanki district","1281"
"chhattisgarh","sukma district","1280"
"telangana","mahabubnagar district","1280"
"jammu-&-kashmir","kishtwar district","1277"
"uttar-pradesh","shravasti district","1274"
"jammu-&-kashmir","shopian district","1269"
"rajasthan","balotra district","1241"
"tripura","khowai district","1237"
"west-bengal","kalimpong district","1236"
"andaman-&-nicobar-islands","north and middle andaman district","1217"
"gujarat","chhotaudepur district","1207"
"odisha","jagatsinghpur district","1203"
"uttarakhand","bageshwar district","1195"
"gujarat","panchmahals district","1183"
"tamil-nadu","mayiladuthurai district","1168"
"tamil-nadu","kallakurichi district","1147"
"manipur","imphal west district","1143"
"rajasthan","anupgarh district","1095"
"odisha","deogarh district","1060"
"jammu-&-kashmir","bandipore district","1055"
"gujarat","sabarkantha district","1025"
"madhya-pradesh","khandwa district","1021"
"arunachal-pradesh","west kameng district","1019"
"meghalaya","ribhoi district","1011"
"rajasthan","gangapur city district","989"
"jammu-&-kashmir","ramban district","980"
"chhattisgarh","balodabazar bhatapara district","972"
"assam","south salmara mancachar district","967"
"gujarat","dahod district","955"
"puducherry","mahe district","919"
"chhattisgarh","narayanpur district","890"
"assam","majuli district","851"
"rajasthan","sanchore district","844"
"uttar-pradesh","sant kabir nagar district","818"
"andhra-pradesh","parvathipuram manyam district","813"
"rajasthan","deeg district","796"
"chhattisgarh","north bastar kanker district","755"
"manipur","imphal east district","755"
"madhya-pradesh","maihar district","751"
"bihar","kaimur district","747"
"ladakh","kargil district","740"
"assam","morigaon district","718"
"arunachal-pradesh","tawang district","697"
"punjab","ferozepur district","692"
"arunachal-pradesh","east siang district","680"
"sikkim","south district","668"
"telangana","jayashankar bhupalpally district","662"
"jharkhand","sahibganj district","640"
"andhra-pradesh","alluri sitharama raju district","637"
"rajasthan","shahpura district","635"
"gujarat","aravalli district","631"
"himachal-pradesh","kinnaur district","617"
"arunachal-pradesh","changlang district","615"
"rajasthan","phalodi district","569"
"puducherry","yanam district","565"
"assam","west karbi anglong district","557"
"nagaland","kohima district","527"
"sikkim","gangtok district","517"
"rajasthan","kekri district","513"
"lakshadweep","lakshadweep district","496"
"andaman-&-nicobar-islands","nicobars district","492"
"meghalaya","east jaintia hills district","486"
"sikkim","west district","466"
"chhattisgarh","balrampur ramanujganj district","463"
"chhattisgarh","sakti district","461"
"arunachal-pradesh","itanagar capital complex district","458"
"arunachal-pradesh","lohit district","452"
"arunachal-pradesh","west siang district","444"
"meghalaya","east garo hills district","423"
"gujarat","the dangs district","423"
"chhattisgarh","manendragarh chirmiri bharatpur district","422"
"chhattisgarh","sarangarh bilaigarh district","408"
"rajasthan","dudu district","406"
"madhya-pradesh","pandhurna district","394"
"arunachal-pradesh","namsai district","390"
"rajasthan","salumber district","388"
"arunachal-pradesh","lower dibang valley district","388"
"chhattisgarh","gariaband district","377"
"odisha","subarnapur district","373"
"meghalaya","south garo hills district","373"
"arunachal-pradesh","tirap district","362"
"meghalaya","north garo hills district","350"
"madhya-pradesh","mauganj district","326"
"meghalaya","ri bhoi district","320"
"sikkim","north district","308"
"assam","south salmara mankachar district","307"
"nagaland","mokokchung district","300"
"mizoram","lunglei district","297"
"punjab","shaheed bhagat singh nagar district","287"
"meghalaya","south west garo hills district","281"
"manipur","kangpokpi district","275"
"manipur","thoubal district","267"
"dadra-&-nagar-haveli-&-daman-&-diu","diu district","266"
"manipur","churachandpur district","265"
"manipur","bishnupur district","260"
"arunachal-pradesh","lower subansiri district","260"
"mizoram","lawngtlai district","244"
"chhattisgarh","gaurela pendra marwahi district","232"
"assam","bajali district","231"
"meghalaya","west jaintia hills district","226"
"chhattisgarh","khairagarh chhuikhadan gandai district","218"
"mizoram","kolasib district","207"
"nagaland","mon district","205"
"assam","tamulpur district","203"
"sikkim","pakyong district","198"
"jammu-&-kashmir","mirpur district","192"
"himachal-pradesh","lahul and spiti district","192"
"punjab","malerkotla district","171"
"mizoram","serchhip district","170"
"arunachal-pradesh","east kameng district","168"
"chhattisgarh","mohla manpur ambagarh chouki district","167"
"arunachal-pradesh","upper subansiri district","160"
"nagaland","chumoukedima district","152"
"nagaland","wokha district","145"
"meghalaya","west khasi hills district","144"
"mizoram","mamit district","140"
"arunachal-pradesh","upper siang district","135"
"andaman-&-nicobar-islands","nicobar district","128"
"manipur","jiribam district","127"
"sikkim","namchi district","119"
"arunachal-pradesh","lower siang district","117"
"manipur","kakching district","115"
"sikkim","mangan district","111"
"manipur","senapati district","103"
"manipur","ukhrul district","102"
"manipur","chandel district","100"
"arunachal-pradesh","longding district","97"
"mizoram","champhai district","96"
"gujarat","dangs district","95"
"nagaland","tuensang district","93"
"manipur","tengnoupal district","90"
"nagaland","phek district","81"
"arunachal-pradesh","lepa rada district","77"
"manipur","tamenglong district","74"
"himachal-pradesh","lahaul and spiti district","73"
"nagaland","peren district","71"
"sikkim","gyalshing district","69"
"arunachal-pradesh","siang district","58"
"nagaland","zunheboto district","56"
"arunachal-pradesh","anjaw district","54"
"sikkim","soreng district","46"
"meghalaya","south west khasi hills district","43"
"mizoram","saiha district","42"
"arunachal-pradesh","kurung kumey district","38"
"arunachal-pradesh","kamle district","38"
"manipur","noney district","37"
"arunachal-pradesh","pakke kessang district","37"
"nagaland","kiphire district","30"
"arunachal-pradesh","dibang valley district","29"
"arunachal-pradesh","kra daadi district","28"
"nagaland","longleng district","24"
"jammu-&-kashmir","muzaffarabad district","23"
"arunachal-pradesh","shi yomi district","21"
"mizoram","siaha district","21"
"manipur","kamjong district","15"
"meghalaya","eastern west khasi hills district","12"
"mizoram","saitual district","9"
"nagaland","noklak district","5"
"mizoram","khawzawl district","3"
"nagaland","tseminyu district","3"
"manipur","pherzawl district","3"
"nagaland","shamator district","2"
"mizoram","hnahthial district","2"
